Woreda,Average Exposure Risk Score,Average Socio-economic Vulnerability Score,Percentage of the Population with Limited Communications Access,Average Health Facilities Access Risk Score,Average Comorbidities Risk Score,Average Total Risk Score
Dulecha,3.869060442,4.962511655,0.666227645,3.899304409,1.562477559,9.330842411
Wondo-Genet,3.045916254,2.194055329,0.415870029,1.382279298,4.98542826,9.413623812
Boloso sore,3.020480567,2.532012575,0.456067374,1.572773923,4.986000878,9.579255368
Argoba Special,3.794392851,4.772281542,0.653154776,3.960041254,1.238713541,8.993147646
Tsegede,2.396080312,2.869804802,0.48633201,2.56163276,2.719615412,7.677328483
Dera,2.740047131,3.480396752,0.604353383,2.511225382,4.033845679,9.285118192
Fogera,3.13935248,2.937073183,0.506992011,1.791826334,4.430237933,9.361416747
Libo Kemkem,3.061782156,3.192049421,0.534961879,2.205313681,4.305701905,9.572797742
Bahirdar Zuria,2.803064205,1.662042104,0.193299505,1.22458239,4.432020722,8.459667316
Semen Achefer,2.806140157,3.144637869,0.609245466,2.862172115,3.6987586,9.367070872
Alfa,2.438059691,3.102404891,0.616410543,3.119649671,2.807476958,8.36518632
Dembia,2.923957852,2.845602046,0.580106085,1.872141094,4.521401911,9.317500857
Gonder Zuria,2.849379981,2.223121727,0.31267396,1.30320803,4.424890031,8.577478041
Bidu,2.706337995,4.385787527,0.754071376,4.665148172,1.780939985,9.152426152
Elidar,3.258819247,3.599778528,0.713312143,3.863183667,1.85216433,8.974167244
Aysaita,3.489983849,4.494269091,0.609397953,3.247029631,2.906919939,9.643933419
Afambo,3.356844002,4.722041395,0.670808444,4.133897431,2.000214083,9.490955516
Ayisha,3.330616485,4.464634724,0.60430421,4.209089298,2.252443065,9.792148848
Teferi Ber,4.006277809,4.296349382,0.608738182,3.858256133,3.523341013,11.38787495
Kebribeyah,4.054874614,4.681626717,0.667440136,3.915581481,2.012825025,9.98328112
Hareshen,4.497459562,4.855636602,0.723176896,4.831627734,3.328620956,12.65770825
Misrak Gashamo,4.906953918,4.650188555,0.621019436,4.965158521,4.044655306,13.91676775
Danot,4.626318014,3.891430834,0.609940326,5,3.709258406,13.33557642
Boh,4.62255255,3.726952852,0.62237344,4.951316793,4.135418728,13.70928807
Bare,4.242042272,4.497135818,0.63575059,4.732312118,3.583801709,12.5581561
Dolobay,4.271459484,4.777036053,0.659912356,4.614181732,3.034695,11.92033622
Dima,1.792782982,3.033961213,0.507643572,3.34272521,1.150169577,6.28567777
Surma,1.300286891,3.428332745,0.449611899,3.471236979,1.045636358,5.817160228
Jore,2.605646075,3.577061491,0.548001529,4.100304619,1.233068858,7.939019552
Assosa,1.510059595,3.088522297,0.551397363,2.053433853,1.833893475,5.397386923
Maokomo Special,1.43760115,3.045110623,0.522093475,2.32340941,2.078221802,5.839232362
Antsokiya,2.689047095,3.671701859,0.6021952,2.607135912,4.810361427,10.10654443
Semen Bench,2.77790669,2.618105335,0.457753925,2.40757873,4.106688356,9.292173775
Etang,2.240753576,2.620552805,0.610143922,2.314351906,1.822723152,6.377828635
Akobo,2.515677079,3.488664498,0.720858164,4.877828203,2.239283463,9.632788745
Ubadebretsehay,2.355747507,3.345418871,0.529168815,3.86930304,3.17603179,9.401082336
Bena Tsemay,2.431032168,3.90063765,0.585242763,2.663828551,1.443814483,6.538675202
Teltele,2.940275743,4.625124466,0.658253412,3.351648602,1.380013022,7.671937368
Miyo,3.20807443,3.958715104,0.621770404,3.259455353,2.745053569,9.212583352
Wantawo,2.789016613,3.609031076,0.638766841,3.633162157,2.575721705,8.997900475
Dalul,3.527899789,4.117027204,0.597097051,4.031127328,1.504674455,9.063701573
Erob,3.030138507,4.000515485,0.566941332,2.820201266,2.395979885,8.246319658
Gulomekeda,3.197638221,2.634869455,0.432138619,1.324754152,4.673998706,9.196391079
Ahferom,3.296278008,2.805854338,0.464676555,1.454465856,4.516947405,9.267691269
Mereb Leke,3.119530638,2.887607056,0.503252861,1.519889013,3.666458545,8.305878196
Laelay Adiyabo,3.526709069,3.133026717,0.49452612,1.620342748,3.419354498,8.566406315
Tahtay Adiyabo,2.894958411,2.930006626,0.476707745,1.746085312,2.581761211,7.222804934
Kafta Humera,2.779707997,3.272964026,0.507623016,1.591985458,2.362190827,6.733884283
Quara,2.031600262,3.25363897,0.520703241,2.413213461,1.16056594,5.605379663
Mirab Armacho,2.626236577,3.636615807,0.60258517,1.897506123,1.213385811,5.73712851
Metema,2.434670635,2.71846863,0.493909651,1.521636466,2.361935554,6.318242655
Sirba Abay,1.35151159,3.358596902,0.476013134,2.727196849,1.178389801,5.25709824
Addis Ababa,2.997904738,1.065641445,0.030754695,1.012940038,4.999700147,9.010544924
Afdera,3.105532477,2.238971771,0.733729872,4.767115649,4.642279319,12.51492744
Erebti,3.778397178,4.866266208,0.601776579,4.492240867,1.55778722,9.828425265
Teru,4.109006947,4.931669668,0.62951152,4.927566733,1.957149309,10.99372299
Dubti,3.552792295,4.144405526,0.589848077,2.726110613,2.32064085,8.599543759
Awra,4.185790911,4.946990088,0.592591088,4.914946699,1.081608379,10.18234599
Gewane,4.081622507,4.968927695,0.647261382,3.943350749,1.333379202,9.358352458
Bure Mudaytu,4.486941233,4.942610636,0.566847119,4.795162958,1.653172643,10.93527683
Amibara,3.305269292,4.485506606,0.580387275,2.729521964,1.820270851,7.855062107
Awash Fentale,3.525493293,4.516300403,0.598065144,2.482299951,2.106013906,8.11380715
Koneba,3.99721116,3.828233985,0.556029872,3.32424833,2.450199502,9.771658992
Berahle,3.637068875,4.274786485,0.596963123,4.062075495,1.32975128,9.02889565
Ab Ala,3.613295149,4.05593958,0.516079158,3.261252285,1.998552935,8.873100369
Megale,3.737931563,4.841453573,0.569373821,4.487928912,1.264976055,9.490836529
Yalo,3.936209013,4.974888425,0.680898659,3.808876289,1.224165812,8.969251114
Gulina,4.165861879,4.932844061,0.643510546,3.596224281,1.314577928,9.076664089
Ewa,4.285098542,4.988021481,0.701966044,3.835793051,1.093803654,9.214695247
Chifra,4.335334005,4.953459639,0.660341311,3.610465019,1.381592962,9.327391986
Mile,3.961108896,4.665277477,0.606333007,4.191304947,1.854139018,10.00655286
Telalak,4.563824594,4.988952679,0.676116422,3.826361568,1.404153214,9.794339376
Artuma,4.215166931,4.972116596,0.661090706,3.364305781,1.949880038,9.52935275
Dewe,4.285603511,4.940940414,0.718688589,3.211476789,1.777964321,9.275044621
Simurobi Gele'alo,3.525262276,4.753869697,0.659964551,4.050136216,1.403581902,8.978980394
Fursi,4.296936119,5,0.629944452,4.723051975,1.448442604,10.4684307
Kurri,3.334606878,4.114125878,0.687178336,4.657345072,1.331318596,9.323270546
Adaa'r,4.258442599,4.79513656,0.64650099,3.556209302,1.638541311,9.453193211
Debub Achefer,2.25031424,3.20655496,0.563463622,3.110044176,3.042088438,8.402446853
Albuko,2.658786401,3.110890775,0.494029037,2.36894748,4.825512312,9.853246193
Ambasel,2.295736492,3.725821411,0.637460015,2.880873886,4.702587867,9.879198244
Aneded,2.890916396,3.172460855,0.442617028,2.376410658,4.379376142,9.646703197
Angolelana Tera,2.386822342,2.972695936,0.344236099,2.044669683,4.088431954,8.519923979
Ankasha,2.371344754,3.034397834,0.470815991,3.020227439,4.297071834,9.688644027
Ankober,2.822693231,3.536017068,0.511066467,3.517680869,4.311741866,10.65211597
Argoba,3.23820766,3.923146045,0.631178285,2.251948069,4.202925475,9.693081204
Assagirt,2.673852738,3.438567738,0.46299374,3.135593501,4.256470347,10.06591659
Awabel,2.512062241,3.452647917,0.485516874,3.192026175,4.009267171,9.713355587
Banja,2.229793505,2.91437886,0.471162241,1.896385071,4.664564852,8.790743428
Baso Liben,2.883221565,3.291375572,0.541332029,3.30097834,3.633763018,9.817962923
Bati,3.687964785,4.49060745,0.704451852,2.18043827,3.887713159,9.756116214
Berehet,2.889181847,3.942166697,0.601264579,2.860828476,3.252555575,9.002565898
Beyeda,2.425531811,4.09736665,0.598920039,3.633547091,3.245214734,9.304293636
Bibugn,2.690007411,2.948782459,0.503368136,2.831904463,4.415184722,9.937096595
Bugna,2.731448228,4.013988936,0.658904265,3.135809502,3.017659467,8.884917197
Bure,2.744457587,2.843626513,0.47879488,1.81556936,4.101196445,8.661223391
Chefa Gula,2.82386845,2.440962314,0.395072326,1.611883453,4.548547737,8.98429964
Chilga,2.571111638,2.843393835,0.589341328,2.103038667,3.068343673,7.742493978
Dabat,2.700066087,3.039107743,0.498002156,1.8819758,3.870563226,8.452605113
Dangila,2.394620548,2.604422336,0.420258729,2.297528616,4.285114176,8.977263339
Dawunt,2.756790092,3.811940006,0.719331891,2.439239864,4.104615593,9.300645548
Debark,2.717858291,3.008416253,0.46452137,2.147905168,3.783418249,8.649181709
Debay Telatgen,2.478370762,3.439573473,0.460093551,2.968148495,4.074276531,9.520795788
Debre Elias,2.210019643,2.944893346,0.50328998,2.84467329,2.911446518,7.966139451
Debresina,2.770339387,3.226274534,0.567695307,2.903007162,4.544131534,10.21747808
Dega Damot,2.467237153,3.177948424,0.48276741,3.120069908,4.135215158,9.722522219
Dehana,3.04831003,3.520814485,0.625043893,2.814019014,3.286564416,9.14889346
Dejen,2.759991865,3.291637382,0.590925506,2.291710357,4.427582494,9.479284717
Delanta,2.616773355,3.350500655,0.597220085,2.359942764,4.426993107,9.403709227
Dembecha,2.531277886,3.006633558,0.491866067,2.395817362,3.49363364,8.420728888
Dessie Zuria,2.744242122,2.278498825,0.27721525,1.426727518,4.762838735,8.933808374
East Esite,2.63100082,3.406052193,0.469890283,2.963955433,3.906094383,9.501050636
East Belesa,3.559544083,4.356727595,0.725925129,2.675761644,2.502257986,8.737563713
Ebenat,3.022477031,3.918823686,0.668550973,3.069672295,3.318930241,9.411079567
Eferatana Gidem,2.651562606,3.558499549,0.516850576,2.814311849,4.661177587,10.12705204
Enarj Enawga,2.771529377,3.424082579,0.574880441,2.867980048,4.444961082,10.08447051
Enbise Sar Midir,2.868927249,3.49807288,0.604961214,2.644534251,4.111779526,9.625241026
Enemay,2.698003528,3.113983548,0.532755161,1.975102666,4.693469542,9.366575736
Fagta Lakoma,2.217727686,2.898937054,0.449431783,2.306861562,4.616904283,9.141493531
Farta,2.908222896,2.72506506,0.376594673,1.909609044,4.737343291,9.555175231
Gaz Gibla,2.600887851,3.784097345,0.774268405,2.61517792,3.484324903,8.700390673
Menz Gera Midir,2.273115994,3.540207787,0.477229915,2.841092088,3.778855616,8.893063698
Gidan,2.487298885,3.140177048,0.666704497,2.607739447,4.545332805,9.640371137
Gishe Rabel,2.020903316,4.235720853,0.657313324,3.546062554,4.043243508,9.610209378
Goncha Siso Enese,2.889985477,3.496327104,0.466854176,2.706743568,4.041296712,9.638025756
Gonje,3.867520345,3.327729871,0.643086209,2.971889677,4.964099833,11.80350986
Guagusa Shikudad,2.556233176,2.667540773,0.488214252,1.490355412,4.742587529,8.789176117
Guangua,2.013768574,3.010274506,0.543549998,2.714866473,3.097552042,7.826187089
Guba Lafto,2.66962248,2.475947377,0.426960216,1.701778767,4.720317661,9.091718907
Guzamn,2.494717102,3.025300848,0.492314454,2.769161124,3.97009978,9.233978005
Habru,2.80546082,3.869531234,0.629037035,1.790953791,4.526374394,9.122789004
Hagere Mariam,2.25142523,3.239361067,0.442832973,2.295612231,3.751984516,8.299021977
Hulet Ej Enese,2.861772234,3.471643263,0.506763361,2.678528441,4.217899149,9.758199824
Jabi Tehnan,2.792776422,2.827064665,0.443951294,1.568996212,4.11698133,8.478753964
Jama,2.461069877,3.46259982,0.595005548,1.932032323,4.38649319,8.77959539
Janamora,2.726698373,3.540676072,0.603818172,2.997768123,3.523162094,9.24762859
Jawi,1.72596475,3.06462701,0.592491088,2.414231182,1.241875744,5.382071675
Jille Timuga,3.036693891,4.262233281,0.648477008,2.324666582,3.068165435,8.429525908
Kalu,2.708920817,2.882745651,0.46686376,1.547122163,4.61344608,8.869489059
Kelela,2.642517273,3.606236593,0.572227575,2.592431682,3.788827248,9.023776203
Kewet,2.96831005,4.251335586,0.67633502,3.321134076,2.931452102,9.220896229
Menz Keya Gabriel,2.069776735,3.848540871,0.522817205,2.512766824,3.807250897,8.389794457
Kutaber,2.416077314,3.12145671,0.512126757,2.217017548,4.497905128,9.13099999
Lasta (Ayna),2.917725489,3.602674691,0.655028769,2.007616361,4.201547873,9.126889723
Lay Armacho,2.846049616,3.010137494,0.533756171,2.087576636,4.166378523,9.100004775
Lay Gayint,2.865837373,2.990840957,0.463350324,2.522183716,4.373879437,9.761900526
Legambo,2.752567901,2.644549065,0.483408591,2.098270577,4.721510336,9.572348815
Legehida,2.501106159,3.210585075,0.564711539,1.958604368,4.872410927,9.332121454
Mecha,2.580534704,3.231052593,0.526433326,2.663834134,4.042939505,9.287308342
Mehal Sayint,2.735518807,2.836659226,0.557039567,3.254033377,4.220331951,10.20988414
Mekdela,2.667976265,4.145510342,0.636863028,3.240949306,3.94699197,9.855917541
Meket,2.796160504,3.275249491,0.539461745,2.254614321,4.1930046,9.243779424
Menz Lalo Midir,1.785077573,3.981601886,0.537026018,3.775275478,2.392626501,7.952979552
Menz Mama Midir,2.930188439,2.838592811,0.398714546,2.385435879,4.718231081,10.0338554
Merahbete,3.143042096,3.148140648,0.419165326,1.988725159,4.377414625,9.509181881
Michakel,2.66585082,2.897844605,0.439179492,2.646040942,4.073858934,9.385750697
Mimo Weremo,2.93370853,3.447930715,0.584159075,2.290570162,4.287521353,9.511800045
Minjar Shenkora,2.762711307,3.330795092,0.514070838,1.771476448,3.883353844,8.417541598
Mojan Wedera,2.352417755,3.144302371,0.489160465,2.446598218,4.207360326,9.006376298
Moretna Jiru,2.59307602,3.387855244,0.582175993,2.168762687,4.529575102,9.291413809
Quarit,2.706350539,3.123856077,0.507855045,2.842594263,4.13945829,9.688403092
Sahla,3.101481377,4.95232049,0.782787912,4.653869716,1.069890826,8.825241919
Sayint,2.722967492,3.618546493,0.622400919,3.670368543,4.10110475,10.49444079
Sekela,2.22408984,3.192448174,0.49908348,2.409467399,4.423594173,9.057151412
Senan,2.50775891,3.13523928,0.390526097,3.398038157,4.033089924,9.938886991
Shebel Bereta,2.87168039,3.809831383,0.650917885,3.175551454,3.985130321,10.03236216
Simada,2.659066923,3.994479504,0.690416179,3.539681241,3.878567369,10.07731553
Siya Debirna Wayu,2.104033527,3.398260561,0.503160045,1.604084861,4.454339997,8.162458386
Tach Armacho,2.653270329,3.002923111,0.581944188,2.088725706,2.23206994,6.974065975
Tach Gayint,3.01912168,4.065880987,0.673431986,3.529179098,4.079561119,10.6278619
Takusa,2.544251781,2.948940483,0.599016708,2.361067993,3.35329609,8.258615863
Tarema Ber,2.81826024,3.21962569,0.505007564,2.35326931,4.355532632,9.527062182
Tenta,2.611807761,3.429555324,0.524555487,2.396577922,4.331991378,9.34037706
Thehulederie,2.757248641,2.866379982,0.428498932,1.309305097,4.861139421,8.927693159
West Esite,3.398797834,3.476596491,0.625532711,2.968309292,4.838081816,11.20518894
Wadla,2.671190056,3.573213312,0.50203649,2.514739943,4.52701014,9.712940139
Wegde,2.83162322,3.56504947,0.641408173,2.759920228,4.151870988,9.743414435
Wegera,2.624674087,3.36692501,0.557662089,2.830244057,3.661205328,9.116123471
Wemberma,2.679669988,3.037439355,0.551328857,2.618233747,3.664972311,8.962876046
Were Ilu,2.421345864,3.171341672,0.504459149,1.905895119,4.406543879,8.733784863
West Belesa,2.906797348,3.814194805,0.650548928,3.021238957,2.796476008,8.724512313
Worebabu,3.126700706,3.861579486,0.624566065,1.915596525,4.378697333,9.420994565
Yilmana Densa,2.746622719,3.313300313,0.583780488,3.019539712,4.078443762,9.844606194
Ziquala,3.289234533,4.748577525,0.720880763,3.652312694,1.481330074,8.422877302
Tsegede,2.337310342,3.258912185,0.55335937,2.492869866,1.953703012,6.78388322
Addi Arekay,2.66020773,3.054582795,0.590241043,2.186833962,3.043579893,7.890621586
Tselemt,2.27038822,4.143009268,0.714807615,3.252530663,2.873623505,8.396542387
Abergele,3.084171485,4.334576885,0.580919318,2.857482588,1.924317646,7.865971719
Sekota,2.830188231,3.717690575,0.65123581,2.13349703,3.095139545,8.058824806
Kobo,2.717596646,4.087425814,0.659778241,2.07537439,4.343819817,9.136790853
Artuma Fursi,2.877159528,3.936724827,0.652843958,1.768761325,3.952632392,8.598553245
Dewa Harewa,3.119946212,4.283790985,0.714094406,1.957931808,3.483160426,8.561038445
Basona Worena,2.617177273,2.561344147,0.320579344,1.590638852,4.516004675,8.7238208
Ensaro,3.056722863,3.443046786,0.633100995,2.302507746,4.58039665,9.939627259
Guba,2.371671409,3.064299134,0.435326665,1.388641937,2.539141088,6.299454433
Pawe Special,1.682835002,2.650640254,0.518485254,1.083720452,2.888646836,5.65520229
Dangura,1.437060484,2.865568558,0.523121274,2.170751408,1.704439114,5.312251006
Mandura,1.555672668,3.110134003,0.536966634,2.194510366,1.562577098,5.312760132
Dibat,1.493758611,3.20594843,0.588181077,2.068250626,1.9490266,5.511035837
Bulen,1.401959591,2.973386744,0.534715376,1.929683354,1.799518546,5.131161492
Yaso,1.124013193,3.030966776,0.535341043,2.012180218,1.111778191,4.247971602
Wenbera,1.044397711,2.738748605,0.366978756,2.628663636,1.991407512,5.664468859
Bio Jiganifado,1.542306487,3.116175074,0.614822579,3.009782226,1.55138607,6.103474784
Kamashi,1.12580357,3.009374078,0.527813695,2.688655353,1.338763523,5.153222446
Agalometi,1.097943278,3.016861255,0.483133292,3.354582142,1.447692557,5.900217976
Bio Jiganifado,1.033838339,3.000792742,0.579774341,2.020625973,1,4.054464312
Bilidigilu,1.329876886,3.316361896,0.561665063,2.013050013,1.651474981,4.99440188
Sherkole,2.488549951,3.232726988,0.514663611,1.809260154,1.132107584,5.429917688
Menge,1.715558821,3.310808237,0.53223717,1.30628913,2.413913662,5.435761613
Homosha,1.434950865,2.815332762,0.498032645,1.579814311,1.471430509,4.486195685
Kurmuk,1.896553432,3.003302666,0.504820578,1.28997641,1.528454824,4.714984666
Bambasi,1.52905402,2.993214735,0.500422286,1.602543809,2.469046626,5.600644455
Dire Dawa/Town,3.222080304,1.895485003,0.226772771,1.354673554,4.812385828,9.389139686
Dire Dawa,3.470120356,2.209351649,0.269987077,1.491662642,4.618394132,9.580177129
Jikawo,3.12332121,3.626769664,0.719291959,3.712587028,2.313862041,9.14977028
Lare,2.999240474,3.05636448,0.721749225,2.843702218,2.601004776,8.443947468
NA,2.764653204,3.151417185,0.656724899,3.460968074,1,7.225621278
Gambela Zuria,2.857289656,1.548212073,0.148453321,1.126294184,4.677394003,8.660977843
Abobo,1.961764936,2.362883873,0.462612854,1.566153846,1.875862866,5.403781648
Goge,2.827579775,2.73399104,0.577714879,2.017068666,2.489866203,7.334514644
Mengesh,1.2270039,2.768503421,0.404535531,3.339059741,1.351140854,5.917204495
Godere,2.433985576,2.286021787,0.355843229,2.012348683,4.079581689,8.525915948
Harar,3.376407394,2.149330513,0.330646245,1.172421642,4.932069251,9.480898287
Dera,3.011382931,3.448830684,0.58650234,2.662522978,4.135866965,9.809772874
Ibantu,1,3.590873348,0.449871961,4.049369645,1.167546371,6.216916016
Gida Kiremu,1.970051231,2.747883485,0.504655676,1.69937737,3.196190853,6.865619454
Wara Jarso,2.577965532,3.559130041,0.542435002,2.748737906,3.608882374,8.935585811
Hidabu Abote,3.367062743,3.069631519,0.470425675,2.189746765,4.749656107,10.30646561
Limu,1.547797644,2.888712687,0.495669644,2.255638068,2.857774814,6.661210527
Guduru,2.270248736,3.093348679,0.397430152,3.339075634,3.014377235,8.623701605
Degem,2.841649033,2.738227012,0.396223557,2.467299784,4.602645073,9.91159389
Abay Chomen,2.336925154,2.866605369,0.38122004,2.304976521,3.169724397,7.811626072
Gerar Jarso,2.814681382,2.800400352,0.366835362,1.526083048,4.783356539,9.124120968
Ginde Beret,2.789121587,3.225313524,0.404644822,3.449224394,3.447774224,9.686120205
Kuyu,2.773912455,3.097758683,0.393445819,2.245345731,4.241798075,9.261056261
Horo,2.318587877,2.773885307,0.346788947,1.711419319,4.309227699,8.339234896
Abe Dongoro,1.731912632,3.04626258,0.474073418,2.426474937,2.493681463,6.652069032
Wuchale,2.665315047,2.895294721,0.3687997,1.57187504,4.571225889,8.808415976
Yaya Gulele,2.71436826,3.123232579,0.459537302,2.183262529,4.411613369,9.309244158
Jarso,3.608211971,3.166373308,0.484842579,2.322345062,4.586980027,10.51753706
Meta Robi,2.804305394,3.338367415,0.380754732,2.82991087,4.457478012,10.09169428
Begi,1.964538853,2.838329184,0.473439841,1.596467442,3.89498272,7.455989015
Kombolcha,3.363870234,2.773682017,0.446577306,1.579355354,4.749759015,9.692984603
Adda Berga,2.612927507,3.058873867,0.331837664,2.508525968,4.173448631,9.294902105
Babo,1.585749312,3.43631356,0.555692609,2.395195512,2.80722118,6.788166004
Bila Seyo,2.225689008,3.122669211,0.46835407,2.982517664,3.071074067,8.279280738
Meta,3.50212928,2.871659916,0.484771927,1.879087407,4.954966698,10.33618339
Haro Maya,3.271008938,2.414802086,0.369169304,1.299325143,4.850015823,9.420349904
Sasiga,1.914162105,3.241019202,0.553841389,2.149273596,2.765168391,6.828604092
Goro Gutu,3.700500221,3.310356666,0.554337299,1.908096369,4.929852852,10.53844944
Guto Gida,2.494858274,2.167637411,0.368937098,1.405551664,4.024140738,7.924550676
Gursum,4.212700948,3.456634417,0.552553346,3.18146349,4.335514671,11.72967911
Kersa,3.362224934,2.708088844,0.509000868,1.685549886,4.961641471,10.00941629
Jeldu,2.925268685,3.076572084,0.388519557,3.464217842,4.461000747,10.85048727
Doba,3.565195882,3.425770493,0.57707205,2.311460016,4.61157536,10.48823126
Mieso,3.668057594,4.02887659,0.652328208,2.415222494,2.818509468,8.901789555
Deder,3.505193081,2.914282838,0.503625517,2.038951018,4.987821587,10.53196569
Cheliya,2.692217148,2.878783683,0.427738494,2.450455692,4.070443783,9.213116622
Gawo Kebe,1.403222154,3.263712202,0.488030966,3.613097356,2.357414292,7.373733802
Babile,3.795774989,4.097342834,0.652119977,3.439063495,2.12170947,9.356547954
Ambo Zuria,2.693051801,2.548226661,0.278718247,1.672057816,4.338420457,8.703530074
Jimma Rare,2.894045128,2.988310893,0.363767277,2.992881283,4.505912945,10.39283936
Kurfa Chele,3.552285208,2.958909457,0.56870755,1.781777554,4.725814912,10.05987767
Tulo,3.463019916,2.978833251,0.452813735,2.492734016,4.94602976,10.90178369
Bedeno,3.274934027,3.048684498,0.505103328,2.827924172,4.716569961,10.81942816
Ayira Guliso,2.059887462,2.667106487,0.443322786,1.781996256,4.106542356,7.948426074
Dendi,2.522429575,2.966615856,0.39088645,1.827380286,4.384918732,8.734728594
Ejere (Addis Alem),2.52837511,2.974868742,0.39269283,1.786242557,4.464690993,8.779308659
Girawa,3.514661888,3.219178581,0.530200969,2.443262326,4.185611644,10.14353586
Bako Tibe,2.898328856,2.812191078,0.461525272,1.924656303,4.239789137,9.062774297
Malka Balo,3.262622727,3.4936492,0.545221987,3.431706125,4.003041639,10.69737049
Ginir,2.840556837,3.201256001,0.494159452,2.079451672,3.445556796,8.365565305
Adaba,2.456883774,2.914431637,0.436622267,2.486599491,3.310707621,8.254190886
Shashemene Zuria,2.998800943,2.170333355,0.208108806,1.147539358,4.759981078,8.906321379
Kofele,2.989947232,2.613853593,0.442872894,1.856837474,4.688623507,9.535408212
Gedeb Asasa,2.991326575,3.004131205,0.529159275,2.036436614,4.491930689,9.519693878
Sinana,2.702165034,2.528384925,0.338601257,1.139642391,4.463672491,8.305479916
Golo Oda,3.324825307,4.166578701,0.665829663,3.509689951,1.711934022,8.54644928
Rayitu,3.199517229,3.378874199,0.633354663,3.371488207,1.633522925,8.204528361
Fedis,3.728200674,4.217845877,0.668725423,2.76979838,3.395729127,9.89372818
Gemechis,3.276246882,3.400035303,0.498183422,3.458858874,4.435702072,11.17080783
Mesela,3.216992132,3.150318891,0.475213718,3.229262292,4.68852071,11.13477513
Fentale,3.501308253,3.78732984,0.537197036,1.580154458,3.554444009,8.635906719
Haru,2.153904372,2.533042386,0.433168919,1.508585671,4.342720475,8.005210517
Anchar,3.033045187,3.738207832,0.624909865,2.455928472,3.087386881,8.57636054
Yubdo,1.80400936,2.877486545,0.435266513,1.801585178,3.794373063,7.399967601
Wama Hagalo,2.310392893,3.413028722,0.553437936,3.478012771,2.587916769,8.376322433
Jarte Jardega,1.544920459,2.967449602,0.365256343,2.425852803,2.749268619,6.720041881
Kuni,3.323382574,3.168156903,0.517094462,2.695754032,4.026971724,10.04610833
Nole Kaba,1.350393179,3.022411992,0.424738604,3.180701836,3.147908735,7.67900375
Ilu,2.535033776,2.902484394,0.500602381,1.217703738,4.610904419,8.363641933
Tikur Enchini,2.397534372,3.269784295,0.33275132,3.402396843,4.162335307,9.962266522
Ada'a,2.813084645,2.0175494,0.212856651,1.062753241,4.846728739,8.722566625
Dawo,2.98048818,2.958738317,0.463188226,1.647655664,4.982804888,9.610948732
Dano,2.673011005,2.959276891,0.520894656,2.9185792,4.03115594,9.622746145
Jimma Arjo,2.215206487,2.751045534,0.43179248,2.896616783,3.821722099,8.933545369
Meko,1.244588201,2.990495555,0.403876899,4.152730481,2.373339702,7.770658384
Habro,3.413204449,2.973165429,0.513428339,1.736157431,4.764568563,9.913930443
Nono,2.577156908,2.969469469,0.543294169,2.489373475,3.464216259,8.530746642
Limu Seka,2.078842165,3.122653872,0.493208945,3.897133527,2.896995214,8.872970906
Merti,3.00819736,3.540451993,0.537425134,1.961221838,3.422903975,8.392323173
Hawa Galan,1.99057387,2.987368693,0.544752836,1.839155453,3.883138088,7.71286741
Nunu Kumba,2.399255242,3.084939493,0.516062088,3.102371438,3.335632689,8.837259369
Boset,3.051920667,3.514567734,0.562068875,1.418074013,4.275477736,8.745472416
Lome,2.83444864,2.327896885,0.270788785,1.094141422,4.721485192,8.650075254
Boke,3.14635167,3.984761931,0.646990808,2.823623144,2.151178793,8.121153607
Wenchi,3.289425292,3.039304739,0.408203716,2.238266147,4.814895277,10.34258672
Tole,2.728402103,3.037255345,0.460391879,1.788380648,4.448450765,8.965233516
Darimu,1.846067447,2.944475012,0.47091105,3.257720109,3.974142003,9.077929559
Ameya,2.559610039,3.141844376,0.512173306,2.943906889,3.983621545,9.487138473
Becho,2.79169892,2.796281079,0.392235714,1.531978699,4.475478061,8.79915568
Adama,2.956099872,1.664875432,0.140567073,1.068564129,4.790331074,8.814995075
Waliso,3.013371375,2.619270042,0.28469956,1.707404113,4.938511737,9.659287225
Alge Sachi,1.795695804,2.751890907,0.443497706,3.060628596,3.717372603,8.573697003
Aseko,2.746689741,3.255872419,0.428495753,3.656136579,4.092986781,10.4958131
Gololcha Arsi,3.043015567,3.063994837,0.502376224,3.528435918,3.875102254,10.44655374
Chora,2.021416121,2.999032401,0.50520639,3.540276868,2.66912989,8.230822879
Jeju,2.839084991,3.061610457,0.423150562,1.45440495,4.205864678,8.49935462
Seden Sodo,2.701231114,2.940538361,0.359426513,2.207179678,4.445582101,9.353992893
Chora,2.244461745,2.923792903,0.435628409,3.116781778,3.943509062,9.304752585
Sire,2.82372806,3.026589721,0.478086982,1.335995983,4.310750468,8.470474512
Metu Zuria,2.398275828,2.448978492,0.341111053,1.811321716,4.380423731,8.590021275
Yayu,2.094423033,2.829194111,0.443622369,3.00346815,3.994877374,9.092768557
Dugda,3.00042746,2.56446987,0.435935391,1.804471044,4.143684077,8.948582581
Chole,2.627857017,2.633138968,0.406350247,3.422773915,4.240803433,10.29143437
Ziway Dugda,3.038471537,3.069628929,0.498113389,2.180861294,3.416179147,8.635511979
Didu,1.334347288,2.782048691,0.410301717,3.151244629,2.506269201,6.991861117
Sude,2.392709111,3.090448356,0.409331802,2.958741057,3.575242899,8.926693067
Setema,2.103700945,3.306186013,0.403915108,3.873897512,3.47280262,9.450401076
Hitosa,2.85592114,2.660172163,0.449480235,1.688461244,4.593067972,9.137450356
Dedesa,2.706597894,2.629573584,0.468000825,2.81284719,4.283331666,9.80277675
Sigmo,2.402480118,3.192300892,0.410733472,3.725930554,3.921532667,10.04994334
Tiro Afeta,2.63812853,3.048091835,0.445673191,3.479932674,4.148357845,10.26641905
Lege Hida,2.820787539,4.491698574,0.645610162,3.673501141,1.169311831,7.663600512
Amigna,2.72373255,3.219396646,0.477965311,3.046259814,3.170368845,8.940361209
Goma,2.89772882,2.617226984,0.411604985,2.43246404,4.883886871,10.21407973
Adami Tulu Jido Kombolcha,3.160231348,2.539999833,0.388030438,1.812436769,4.110998815,9.083666932
Tiyo,2.909218094,2.151904617,0.275747256,1.327916904,4.695517175,8.932652174
Kersa,2.771701175,2.240286788,0.305791369,2.73176419,4.574771611,10.07823698
Sekoru,2.638390884,2.743098015,0.441537669,2.622058684,4.080056828,9.340506396
Robe,2.66095386,3.099661022,0.458129809,2.362086781,4.159693515,9.182734157
Gera,2.082605345,3.12917068,0.413363922,3.597501841,3.585949122,9.266056308
Mena,2.879932897,2.77790828,0.453310859,2.499659521,4.801599218,10.18119164
Seru,2.755155777,3.376502357,0.542305085,3.201624361,2.310148456,8.266928594
Degeluna Tijo,2.88526407,2.98768392,0.448141951,2.595130813,4.418878229,9.899273113
Gololcha Bale,2.479202443,3.172739454,0.468259663,2.679646883,3.241228351,8.400077676
Omo Nada,2.664862855,3.198209005,0.492603585,3.812878641,4.076197563,10.55393906
Munessa,2.958609543,3.16623547,0.427249353,3.307090918,4.31520264,10.5809031
Shebe Sambo,2.255983756,2.973692943,0.405958843,2.754410753,3.725818695,8.736213203
Seweyna,3.135243002,3.820997947,0.606647828,3.639003631,1.684823804,8.459070436
Shirka,2.730847151,3.112954179,0.476770374,2.564792023,4.452745531,9.748384705
Arsi Negele,3.173593157,2.825064684,0.441757971,1.793218177,4.172465891,9.139277224
Dedo,2.803807499,3.068640181,0.510717096,3.595641123,4.593136997,10.99258562
Limu Bilbilo,2.835673889,2.627654756,0.437268853,2.141673643,4.382518731,9.359866263
Shalla,3.319442811,2.804210124,0.541035708,1.955181918,3.74541681,9.020041539
Agarfa,2.583758383,2.942114212,0.446063404,2.133889728,3.783038554,8.500686665
Dawe Kachen,3.139824878,4.108020126,0.656363305,3.771897462,2.771758823,9.683481164
Dodola,2.781079081,2.86353078,0.45170404,2.24326356,4.238971422,9.263314063
Goba,2.547615239,2.461249594,0.381362323,1.725865589,3.810498308,8.083979137
Kokosa,2.970016926,2.715456252,0.456030024,2.885433726,4.821203129,10.67665378
Berbere,3.505516143,3.522301823,0.55552526,3.87596216,3.203468326,10.58494663
Gura Damole,2.744824151,3.715881868,0.514546342,3.963765199,1.673867008,8.382456359
Nenesebo (Wereka),2.438317506,3.044822495,0.424681008,3.86503494,3.2326412,9.535993646
Mena,2.539812057,3.117873361,0.5388937,3.243040493,3.071987577,8.854840127
Gelana,2.514251896,2.948703254,0.493978199,3.427474611,2.668975075,8.610701582
Bore,2.700018984,2.940959548,0.44458405,3.495650197,4.074048568,10.26971775
Uraga,2.958857308,2.858997531,0.428908788,3.743087612,4.478514927,11.18045985
Meda Welabu,2.73652927,3.762594913,0.551750855,3.544798658,2.055646333,8.336974261
Adola,2.750809298,2.851665282,0.478434244,2.936228738,3.425455683,9.11249372
Odo Shakiso,2.843646501,3.23596851,0.48893418,3.866302415,2.631955414,9.34190433
Liben,3.131933338,3.259282203,0.457992528,2.550450486,2.701761587,8.384145411
Moyale,3.038045793,2.977294402,0.512176538,2.462810146,3.06480078,8.565656718
Borecha,2.230527782,3.136854373,0.491278098,3.602428379,2.840471792,8.673427953
Lalo Kile,1.75562478,2.935940919,0.458957133,2.002492013,3.911979895,7.670096689
Jarso,1.594896206,3.120690836,0.482965665,1.718073306,3.569286202,6.882255715
Jimma Horo,1.558480649,3.201490362,0.496455058,2.94785464,2.945403649,7.451738938
Yama Logi Welel,1.95089232,3.208462447,0.518231269,2.604330582,3.671234716,8.226457617
Dale Wabera,2.277241899,3.064801537,0.498915276,2.501153746,4.296706015,9.07510166
Dale Sadi,1.846997935,3.099578972,0.475191731,2.155145418,3.975816303,7.977959657
Boji Chekorsa,1.650875183,2.656601872,0.418565321,1.662517527,3.673154966,6.986547677
Gaji,2.486427888,2.74480881,0.443388688,1.802371621,4.636657702,8.925457211
Sayo Nole,2.154746223,2.700422215,0.44366455,2.873028217,4.127392786,9.155167225
Dega,1.850089842,2.988014607,0.404742097,3.055065839,3.359070398,8.264226079
Bilo Nopha,1.734826151,2.916774753,0.447634895,2.502190335,3.899715675,8.136732161
Halu (Huka),1.561697906,2.94295684,0.424122214,3.009410244,3.310120873,7.881229023
Ale,2.540473476,2.582187271,0.444008639,2.242020312,4.62296051,9.405454298
Hurumu,1.784982168,2.837805697,0.414147118,2.899180796,3.511411077,8.19557404
Becho,1.813299765,2.982781848,0.376602938,3.67133203,3.511304606,8.995936402
Gechi,2.41695047,3.043193804,0.424015937,3.248648313,3.52061851,9.186217293
Badele Zuria,2.456897592,2.879276988,0.39212096,2.759207985,3.88401217,9.100117746
Dorani,2.014154632,2.564898965,0.446578995,3.402268974,4.205275658,9.621699264
Boneya Boshe,2.508228849,3.078376279,0.527634054,2.981696911,3.098860865,8.588786625
Gobu Seyo,2.41219541,2.979769471,0.467652974,2.335852989,3.299314534,8.047362932
Leka Dulecha,2.166487243,2.831938462,0.44012143,2.079201363,3.827579639,8.073268245
Sibu Sire,2.311197581,2.945430569,0.476965675,2.153425672,3.364744556,7.829367809
Wayu Tuka,2.443418501,2.790070692,0.479675369,1.743069402,3.920969065,8.107456968
Amuru,2.255593057,3.057038028,0.4801615,2.304739038,2.697824163,7.258156258
Jimma Genete,2.775444752,3.070561845,0.398782402,2.506861483,4.347993115,9.63029935
Ababo,2.507232897,2.987483264,0.432917705,2.849445636,2.858519932,8.215198465
Gumay,2.478649403,3.091099196,0.458314638,3.149453764,4.081228598,9.709331766
Seka Chekorsa,2.972779759,2.676034493,0.440135309,2.213565274,4.974300943,10.16064598
Limu Kosa,2.417772391,3.069183307,0.468308609,2.678395788,3.866955128,8.963123307
Abuna G/Beret,2.937829101,3.52485462,0.48677148,3.071066428,4.127441924,10.13633745
Ifata,2.78855789,3.405153035,0.37286969,3.406395495,4.402691208,10.59764459
Toke Kutaye,2.990699251,2.80315445,0.33292308,1.70871582,4.662179627,9.361594698
Mida Kegn,2.771950326,3.143576105,0.417451145,3.594916207,3.794111731,10.16097826
Jibat,2.520005733,3.128017884,0.430804427,3.872640608,4.392580624,10.78522697
Goro,2.321180431,3.03138244,0.467369515,1.437101512,3.317932431,7.076214374
Kersana Malima,2.566630347,2.67162405,0.395121619,1.203746251,4.316643522,8.087020121
Debre Libanos,2.669803745,2.977202799,0.405539865,1.308217416,4.89669408,8.874715241
Mulo,2.23755804,3.401181287,0.308858812,2.387125457,3.492631308,8.117314805
Aleltu,2.488766853,3.076436818,0.343892108,1.641237644,4.375241902,8.505246399
Jida,2.818659988,3.421654133,0.371726643,2.307896404,4.686323263,9.812879656
Bora,3.115864895,2.846900024,0.488224612,1.833360837,4.355111877,9.304337608
Liben Chukala,2.915395413,2.984217857,0.460150616,2.221940505,3.987076746,9.124412664
Dodota,3.043783966,2.607035425,0.394093934,1.291281032,4.35291867,8.687983668
Lude Hitosa,2.836641492,2.753999072,0.353591631,1.699293397,4.672454384,9.208389273
Tena,2.570844176,3.014742646,0.447393983,2.804136685,4.301888577,9.676869437
Diksis,2.787664108,2.68552116,0.38159392,2.594554348,4.338340039,9.720558494
Inkolo Wabe,2.961576742,2.711503444,0.487229909,2.136959993,4.758364331,9.856901065
Guna,2.623607374,2.885657802,0.374934202,2.893891223,4.098586783,9.61608538
Bele Gesgar,2.434810449,3.006436651,0.44516977,2.840475516,3.635233151,8.910519117
Siraro,3.842869806,2.758723076,0.581782782,2.733213421,4.019846434,10.59592966
Kore,2.993723376,2.827698427,0.420827956,3.178440601,4.13147601,10.30363999
Goba Koricha,3.460425971,3.480115801,0.603557338,1.973839646,4.342033892,9.776299509
Chiro Zuria,3.249260707,2.88611698,0.430485724,1.753404186,4.769422848,9.772087741
Midega Tola,4.225924709,4.555442843,0.719832407,4.207316466,2.629156517,11.06239769
Meyu,3.515763822,3.996665289,0.66365817,3.877556897,1.17750216,8.570822879
Chinaksen,3.644633966,3.984552074,0.53796511,3.14685539,2.732097218,9.523586573
Gasera,2.358854265,2.912011178,0.44057192,2.068333862,3.259701595,7.686889722
Dinsho,2.407083962,2.515387436,0.419781049,2.449826265,3.383727135,8.240637362
Harena Buluk,2.505022742,3.650365563,0.461197366,4.420397729,2.57949445,9.504914921
Goro,2.700861045,3.044964885,0.461542859,2.089134311,3.533092006,8.323087362
Afele Kola (Dima),2.953321495,2.672081565,0.447094622,3.209023829,3.991841416,10.15418674
Kercha,3.203972559,3.204422363,0.416737679,4.560093962,4.810201414,12.57426793
Hambela Wamena,2.928905319,2.880260351,0.435176657,3.788645783,4.342032263,11.05958336
Girja (Harenfema),2.49424617,3.490754602,0.483213407,4.633270824,2.16454284,9.292059835
Wadera,2.784770777,3.096162572,0.512436565,3.510847594,2.599963623,8.895581995
Abaya,2.828737406,2.711248533,0.469385395,2.962075207,3.955620304,9.746432917
Bule Hora,3.210520645,2.938261373,0.467249176,2.647331155,4.289104954,10.14695675
Yabelo,3.013283214,3.836008683,0.593413608,2.288108252,2.076977098,7.378368564
Sodo Daci,2.534648042,2.77583325,0.397075046,1.520287855,4.068506949,8.123442846
Kondaltiti,2.367878083,2.956377843,0.336152097,2.185650692,3.46848311,8.022011885
Dugda Dawa,2.99536367,3.424816828,0.570295078,3.323660034,2.679052084,8.998075788
Melka Soda,3.010977184,4.162739094,0.57540635,4.010707016,2.205757627,9.227441827
Dillo,3.670004905,4.822018103,0.756888128,4.740901592,1,9.410906497
Dire,3.006572715,4.145734555,0.612523895,2.931153906,1.747025133,7.684751754
Dehas,3.032976923,4.678555176,0.642894943,3.429673823,1.366437494,7.82908824
Arero,3.069081993,4.596285632,0.64636051,3.081486568,1.334087216,7.484655777
Gidami,2.175393875,2.65772301,0.485187792,2.586476625,3.946604002,8.708474502
Anfilo,1.837773776,2.774564666,0.510939092,2.248299947,3.636574975,7.722648698
Bure,1.458495876,2.988016961,0.475455148,3.10287464,3.204757911,7.766128427
Sayo,2.423900475,2.777051091,0.478516098,1.974940044,4.513055094,8.911895612
Sale Nono,1.25509424,2.49949619,0.450846679,3.628546451,2.153613991,7.037254681
Gudetu Kondole,1.661142982,3.013241302,0.503841757,2.262165307,2.871094871,6.79440316
Mana Sibu,1.655794497,2.913204477,0.550319774,1.738567105,2.977796726,6.372158328
Kiltu Kara,1.487568762,2.865961958,0.433236146,1.926384898,3.374940947,6.788894607
Nejo,1.737631783,2.537785787,0.373737592,1.657458498,4.123655673,7.518745955
Boji Dirmeji,1.388762252,2.615530434,0.391085235,1.163149028,3.880480153,6.432391434
Lalo Asabi,2.346648762,2.465758644,0.440429894,1.181569474,4.649002631,8.177220867
Gimbi,2.040748278,2.500712756,0.37925527,1.225993012,4.269700652,7.536441941
Chwaka,2.413026203,2.98701793,0.570155877,2.263389153,2.930844229,7.607259586
Dabo Hana,1.773212154,3.013290543,0.476060364,3.226434549,2.604989362,7.604636065
Diga,1.889628014,2.588909623,0.495866204,1.840479819,3.228895984,6.959003817
Haro Limu,1.155208638,2.772948559,0.411738346,2.539936502,2.360580255,6.055725395
Abichuna Gne'a,2.304277165,3.547144085,0.353329085,2.227253975,4.122583433,8.654114573
Kembibit,2.625489056,3.106362557,0.341481817,1.939440366,4.455339189,9.020268611
Gimbichu,2.395237728,2.960670102,0.451410128,1.609414747,4.632552232,8.637204707
Walmara,2.776380336,2.071143289,0.232741576,1.233876889,4.695418663,8.705675888
Akaki,2.501242227,2.255225211,0.28757096,1.090116931,4.408656073,8.00001523
Bereh,2.392134973,2.590894798,0.280683885,1.175772862,4.293409573,7.861317408
Sululta,2.66116462,2.581201973,0.298126696,1.541311797,4.30168368,8.504160096
Alem Gena,2.64733422,1.819327556,0.221012103,1.090867599,4.676818742,8.415020562
"Hawi Gudina
",3.323355277,4.06333266,0.650444471,3.377452488,1.35232137,8.053129135
Daro Lebu,3.605026316,3.412949337,0.607683863,2.783450604,2.558858533,8.947335452
Yeki,2.748923824,2.130873397,0.36408816,1.557175642,4.54831935,8.854418815
Menjiwo,2.331471961,3.410892703,0.447340897,4.187829217,3.41454136,9.933842537
Kacha Bira,3.031977987,2.739103136,0.436575713,1.979856514,4.992818951,10.00465345
Tembaro,2.937640893,2.979909464,0.60503702,3.138238962,4.541979336,10.61785919
Decha,2.095104016,3.281725808,0.43991029,3.470911983,2.850873747,8.416889746
Menit Shasha,1.478349128,3.127196774,0.421827777,4.170340213,1.321841865,6.970531207
Ela (Konta) SP Woreda,2.042279056,3.021680503,0.487042903,3.622644964,2.537172961,8.202096981
Cheta,1.942595091,3.423630309,0.420974741,4.259013216,2.975407803,9.17701611
Loma Bosa,2.433031023,3.075976346,0.51774423,3.208988435,3.045742681,8.687762139
Boreda,2.879799348,3.08918522,0.604936249,2.316462232,4.115826994,9.312088574
Sodo,2.773809218,2.601780105,0.377675862,1.387164712,4.622114288,8.783088219
Abeshege,2.407848602,3.216552783,0.590445489,1.267536169,3.883058743,7.558443514
Kokir Gedbano,2.779252937,3.071168134,0.352957482,3.751318214,4.567459193,11.09803034
Meskan,2.984540198,2.571029182,0.343602835,1.247595882,4.901132533,9.133268613
Cheha,2.902587437,2.683287434,0.378116905,1.534339757,4.818473694,9.255400888
South Ari (Bako Gazer),2.504805975,3.126196971,0.491340139,2.611207183,3.86629947,8.982312629
Enemorina Eaner,2.915399413,2.798874684,0.40752001,2.663831836,4.932470638,10.51170189
Alicho Woriro,2.992633625,2.694826008,0.32319781,2.203088589,4.986525445,10.18224766
Selti,3.270441448,2.813667177,0.42099969,1.777653829,4.929968018,9.978063294
Yem SP Woreda,2.363212727,3.026414747,0.393305452,3.175634681,3.501265166,9.040112574
Gibe,3.324012744,2.841461613,0.459067888,2.41150568,4.500151989,10.23567041
Lanfero,3.505588253,2.754230375,0.491263843,2.708847783,4.286287731,10.50072377
Gesha (Deka),2.694870086,2.521393455,0.448970116,2.67840612,4.372214999,9.745491205
Wilbareg,3.118946782,2.828604722,0.400906397,1.942199766,4.257145278,9.318291826
Soro,3.242775365,2.991425532,0.513116376,3.529348284,4.430286896,11.20241054
Masha,2.128626864,2.244368432,0.41407,2.894629716,3.579100166,8.602356747
Gimbo,2.47076835,2.854285712,0.391620038,1.717861677,4.044420121,8.233050148
Alaba SP Woreda,3.597737282,2.477034669,0.45410276,2.497036602,4.338920772,10.43369466
Anigacha,3.019875685,2.751593351,0.436894715,2.214317245,4.973946785,10.20813971
Chena,2.439786052,2.815568296,0.503320134,2.745629352,3.943368156,9.12878356
Mareka,2.825729175,2.69308791,0.47362568,1.880638059,4.255873506,8.96224074
Damot Gale,3.044407141,2.443326056,0.417171076,1.71937829,4.960992461,9.724777892
Esira,2.303746961,3.303925013,0.489563338,3.878532131,2.832037639,9.014316731
Sodo Zuria,2.965156868,2.290140192,0.347070813,1.408984697,4.956718578,9.330860143
Loka-Abaya,3.171246995,3.016288588,0.607376597,3.385540847,3.550170331,10.10695817
Arbe Gonna,3.003684832,2.584022519,0.504685275,2.415748011,4.99593977,10.41537261
Ofa,2.9188575,2.855270649,0.591478353,2.601933297,4.637059412,10.15785021
Hulla,2.997867502,2.597114084,0.454001827,2.348886101,4.953638375,10.30039198
Chuko,3.001499623,2.65027543,0.468492429,1.655207874,4.912251039,9.568958537
Melekoza,2.176740271,3.849093105,0.455045787,4.841602323,2.647577335,9.665919929
Kucha,2.519007436,3.266854937,0.604387401,3.861899999,3.386061953,9.766969388
Chire,2.991757606,3.05489454,0.481793084,3.848605935,4.859446807,11.69981035
Denibu Gofa,2.479690051,3.117718893,0.424629426,3.24174458,3.582101132,9.303535763
Aroresa,2.944908659,3.097066968,0.477981796,4.029670187,4.613678741,11.58825759
Dara,3.001710511,2.084189234,0.368344146,1.364938784,4.985638686,9.352287981
Selamgo,1.96521096,3.393617027,0.53270009,4.180607574,1.137042753,7.282861287
Maji,1.130920163,3.453784075,0.388259654,3.82063492,1.294858445,6.246413528
Chencha,2.960284528,2.796671616,0.470809068,2.557445602,4.977302632,10.49503276
Dita,2.912659392,3.041360196,0.486715511,4.324323778,4.906926732,12.1439099
Basketo SP Woreda,2.70253728,3.686830589,0.506558739,4.064120712,3.792082128,10.55874012
Daramalo,2.948620557,2.731867446,0.515713207,4.145525234,4.241968678,11.33611447
Bule,2.999825733,2.301213209,0.433731281,2.745843102,4.990984625,10.73665346
Yirgachefe,2.989206141,2.508559131,0.430982963,2.063140339,4.996186958,10.04853344
Kemba,2.723325082,2.931803022,0.541139802,3.359792227,4.013567909,10.09668522
Bonke,2.979958604,2.999445869,0.543056272,3.428880861,4.583080061,10.99191953
Arba Minch Zuria,2.844584101,2.532733601,0.357388888,1.694027114,4.507945263,9.046556477
Shay Bench,2.677473237,2.836797282,0.478952153,3.457672119,3.832390404,9.967535759
Amaro SP Woreda,2.718659391,3.093431775,0.525735541,3.577875243,3.382114841,9.678649475
Derashe SP Woreda,2.70369927,3.455206129,0.573882125,3.104908504,3.677357954,9.485965728
Burji SP Woreda,2.813910907,3.386872425,0.542803402,2.866456646,2.821180792,8.501548345
Konso SP Woreda,3.352053117,3.230953853,0.627667648,2.593230751,4.053157505,9.998441373
Gnangatom,3.78039098,4.965825054,0.58944932,4.307373155,1.118443951,9.206208086
Zala,2.698217481,3.38229684,0.593781832,2.830615428,3.344082204,8.872915113
Ezha,2.884409109,2.607538691,0.336678601,1.829217376,4.976982653,9.690609138
Damot Sore,3.023330736,2.520604055,0.464286227,1.884687639,4.991621969,9.899640344
Boloso Bombe,2.945608566,2.817815685,0.583593842,2.735607119,4.675760725,10.35697641
Kindo Koysha,2.866303621,2.8940902,0.602623357,2.880901245,3.957275719,9.704480586
Kindo Dida,2.885119798,2.899037625,0.531248581,3.127707446,4.560669901,10.57349715
Damot Pulasa,3.026538986,2.297567638,0.431222689,2.124697788,5,10.15123677
Awassa Zuria,3.308338391,2.373147648,0.494676364,1.741106171,4.874812868,9.924257431
Awasa Town,2.999036639,1.530408053,0.119837281,1.022701739,4.993762194,9.015500572
Malga,3.018495767,2.419983736,0.469980245,1.840754073,4.995729378,9.854979218
Shebe Dino,3.034865141,2.299389686,0.417924457,1.485164016,4.999093716,9.519122873
Gorche,3.015797039,2.633567809,0.515382153,3.146083689,5,11.16188073
Dale,3.053008616,2.258360749,0.407921762,1.488729188,4.999866214,9.541604018
Wonosho,3.000615924,2.689669106,0.474675258,2.428743969,4.958313955,10.38767385
Humbo,3.007726797,3.127188776,0.642703536,2.242722526,4.111158816,9.361608139
Aleta Wendo,3.023879317,2.3049088,0.405561682,1.808629025,4.995347585,9.827855927
Bona Zuria,3.015022625,2.645810059,0.507519922,2.345048813,4.993847486,10.35391892
Bursa,2.999495612,2.725570753,0.489687459,1.951806904,4.998329382,9.949631897
Bensa,2.988648271,2.576040949,0.493611478,2.370346087,4.965616201,10.32461056
Mareko,3.032692081,2.824777573,0.449204093,1.152751215,4.283715924,8.469159219
Misha,3.093365736,2.669344758,0.373449287,1.951132881,4.814491918,9.858990535
Shashogo,3.832011005,2.684707172,0.487808136,2.767759724,4.759105624,11.35887635
Mirab Abaya,2.589462657,3.022513099,0.599328744,2.443221279,4.206632328,9.239316264
Kochere,3.008625235,2.447813956,0.446378147,2.144927175,4.999872202,10.15342461
Kochere Gedeb,2.98733229,2.879719332,0.432035488,2.661087599,4.900884907,10.5493048
Wenago,2.999875721,2.157854573,0.426634594,1.329965482,5,9.329841203
Dila Zuria,3,1.873567557,0.325435677,1.279397552,4.999837549,9.279235101
Boricha,3.227792127,2.424892783,0.518148395,2.597996901,4.790382138,10.61617117
Diguna Fango,3.289305496,2.943457117,0.667221987,3.253310869,4.625752426,11.16836879
Damot Weydie,3.067165131,2.91681174,0.588560205,2.712867354,4.492046957,10.27207944
Misrak Badawacho,3.398110386,2.492887639,0.460829336,1.978378527,4.74419123,10.12068014
Mierab Badawacho,3.152716556,2.573026134,0.475352621,2.476186833,4.99766317,10.62656656
Kebena,2.78271486,2.379356492,0.273400799,1.393006296,4.581286658,8.757007815
Muhur Na Aklil,2.948982827,2.770355169,0.350065184,2.577611171,4.984415644,10.51100964
Hamer,2.913319986,4.181823111,0.574158791,3.337159825,1.285969511,7.536449321
Dasenech (Kuraz),4.082311816,4.486776027,0.657727109,3.800520931,1.857409858,9.740242605
Bero,1.687992081,3.206272245,0.459847076,3.065030417,1.602981874,6.356004372
Gurafereda,1.462337706,3.036437986,0.479676712,3.295691396,1.497917673,6.255946775
Sheka,2.109243298,2.622289647,0.44561479,2.435004506,3.258817073,7.803064877
Debub Bench,2.493982881,2.728645412,0.441284823,2.247800898,3.73040743,8.472191209
Menit Goldiye,1.885479252,3.065704964,0.444795304,3.680684388,2.144170752,7.710334391
Gelila (Semen Ari),2.878852752,3.237186393,0.472243236,4.470878963,4.596748647,11.94648036
Male,2.272511662,3.743774308,0.609927222,3.581092904,2.209518123,8.063122689
Ayida,2.340334683,3.492185406,0.506361992,4.547913929,3.634313598,10.52256221
Geze Gofa,2.269124585,3.324369046,0.502728998,4.760222753,3.900732385,10.93007972
Tocha,2.437416792,3.008622232,0.50897071,2.967366773,3.435112491,8.839896056
Gena Bosa,2.293734376,3.101849125,0.554145053,3.350247117,2.584729533,8.228711026
Tulo,2.476658357,3.140442852,0.445512814,3.390026779,4.307154149,10.17383928
Sayilem,2.083972884,3.189987287,0.404608503,3.563078171,3.485202428,9.132253482
Bita (Big),2.165475356,2.701892968,0.407499888,3.510661481,3.472873389,9.149010226
Getawa,2.089749855,2.875740713,0.399042218,3.177778762,3.35511201,8.622640627
Anderacha,1.427972996,2.736125351,0.418402663,3.517551923,2.615852395,7.561377313
Hadero Tubito,2.996452827,2.83667811,0.50427806,2.364554237,4.939205582,10.30021265
Dune,3.057509729,2.762746142,0.480396382,3.775312629,4.995404633,11.82822699
Gembora,3.29354644,2.9887325,0.460518536,3.270129702,4.111132517,10.67480866
Misrak Azenet Berbere,3.018529933,3.095660945,0.348708968,3.070989082,4.960644936,11.05016395
Endiguagn,3.016518776,2.568079997,0.354280852,1.990516478,4.992100767,9.999136021
Limu,3.222680458,2.350513013,0.262589315,1.575436148,4.972388267,9.770504872
Geta,3.00453376,2.696985405,0.350538954,2.121056531,5,10.12559029
Analemmo,3.367356044,2.922172465,0.357412415,2.313616539,4.863945663,10.54491825
Mierab Azenet Berbere,3.007368613,2.571894558,0.345576097,1.308396149,4.999498965,9.315263728
Sankura,3.75072572,2.298525308,0.519419856,2.709558188,4.657491236,11.11777514
Doya Gena,3.127126248,2.625683126,0.438679932,1.930069961,5,10.05719621
Daniboya,3.109255615,2.873933311,0.433771789,2.390354805,4.855311581,10.354922
Kediada Gambela,2.952668446,2.232308226,0.261790272,1.307864177,4.772117489,9.032650112
Dalocha,3.45235197,2.759339106,0.44943233,2.067950636,4.533692251,10.05399486
Gumer,3.00003997,2.609632272,0.314883261,1.878871806,5,9.878911776
Erer,3.9312416,4.323319129,0.617011139,2.801530987,2.418563929,9.151336517
Afdem,4.080770483,4.361059468,0.607320357,2.528349777,3.254863948,9.863984207
Shinile,3.757837477,4.055119621,0.610238357,2.927857473,2.483349672,9.169044622
Dembel,4.319748809,4.754747245,0.659870215,4.480624082,2.221093455,11.02146635
Miesso,4.207752928,4.771144962,0.650474635,3.35826644,1.660191323,9.22621069
Jijiga,3.59570385,3.667417365,0.440534886,2.169948596,3.64273504,9.408387486
Gursum,4.405245013,3.893412735,0.627334737,2.830531723,2.920977801,10.15675454
Dihun,4.388532586,4.912856875,0.677551812,4.994235277,1.705069465,11.08783733
Geladin,4.201587092,3.527474178,0.60910856,4.355269796,4.185266607,12.74212349
Babile,4.591655322,4.603239763,0.690416781,4.395591165,3.880332991,12.86757948
Degehabur,4.566497394,4.56614831,0.637225284,4.069996022,2.511205869,11.14769928
Degehamedo,4.476463664,4.872081983,0.673530483,4.929740947,1.058385576,10.46459019
Fik,4.495671233,4.69741687,0.661471011,4.936028156,1.659229525,11.09092891
Hamero,4.898774426,4.908743062,0.706104639,4.991549986,1.435569646,11.32589406
Segeg,4.532682235,4.872290899,0.69501171,5,1.711677489,11.24435972
Gerbo,4.446312028,4.36717585,0.713861249,5,2.494436011,11.94074804
Shekosh,4.687824332,4.184309302,0.605978948,4.489432858,2.655255806,11.832513
Warder,4.858640382,4.492531175,0.633508893,3.791786809,2.846534089,11.49696128
Kebridehar,4.660995706,4.124962366,0.604833321,3.374252293,3.161278215,11.19652621
Shilabo,4.931054526,4.64585946,0.628961048,4.912231079,3.124904766,12.96819037
Goro Baqaqsa,4.074920838,4.859960674,0.640821475,4.95252924,1.038972283,10.06642236
Serer/Elkere,4.073730081,4.769632818,0.642754992,4.348604552,2.043008413,10.46534305
Debeweyin,4.79063617,4.453588885,0.652060929,5,2.613545063,12.40418123
Gode,4.166692528,4.207542231,0.576270588,3.369816433,3.873244911,11.40975387
Kelafo,3.843188659,3.609762225,0.711719243,4.57147726,3.95460671,12.36927263
Mustahil,3.825909966,3.739501876,0.669352704,4.597366092,3.640485602,12.06376166
Chereti/Weyib,4.522580592,4.815954591,0.673555893,4.592079405,1.871771833,10.98643183
Ferfer,4.934731313,4.590022477,0.635566629,5,2.46023201,12.39496332
Afder,4.204361969,4.230665711,0.679737235,4.711464399,3.172992351,12.08881872
Moyale,3.940415978,4.724429988,0.61933469,4.767518698,2.142738833,10.85067351
Dolo Odo,4.36894378,4.606324001,0.656459493,4.497886969,2.955365475,11.82219622
Lagahida,4.532252265,4.994293986,0.633063957,4.97488416,1.034470576,10.541607
Meyu Muluga,4.330331367,4.962221205,0.702151207,4.930172718,1.051819432,10.31232352
Qubi,4.847707193,5,0.583997698,4.993705986,1.13671883,10.97813201
Guradamole,3.36266247,3.887609623,0.670879756,4.804077159,1.033331606,9.200071235
West Imi,4.852828819,4.607094339,0.659116377,4.745662256,3.073035312,12.67152639
Adadle,4.78410078,4.621538171,0.640509351,3.961846884,3.724789945,12.47073761
Hudet,3.188593722,4.64929031,0.637212751,4.596426714,1.35567576,9.140696196
Filtu,3.944287002,4.859342877,0.635422582,4.846015062,1.481099932,10.271402
East Imi,4.484558018,4.639476519,0.673644791,4.631259551,3.616653201,12.73247077
Denan,4.45769865,4.35301363,0.594220506,4.507357122,3.826062275,12.79111805
Gunagado,4.614674383,4.793675309,0.649846254,4.995579725,4.007581189,13.6178353
Aware,4.829930722,4.920992274,0.668075201,4.754061379,3.093061093,12.67705319
Hargele,4.851363492,4.988524812,0.658116736,4.436170084,1.896543328,11.1840769
Adwa,3.110448724,2.037296264,0.315426684,1.245541744,4.755386538,9.111377007
Alaje,2.613194227,2.671295339,0.525625391,1.485129875,4.547146015,8.645470117
Alamata,2.794100695,3.024991241,0.411102392,1.433941492,4.558891701,8.786933888
Asgede Tsimbila,2.957469042,3.100525396,0.463962954,1.590525866,2.979253905,7.527248813
Atsbi Wenberta,3.341435905,3.333985658,0.533309359,1.907873721,4.139134732,9.388444358
Degua Temben,3.052882202,3.126045157,0.468666942,1.693027024,4.08738152,8.833290747
Enderta,2.921265018,1.514393949,0.144748576,1.221015318,4.665608015,8.807888351
Ganta Afeshum,2.948640795,2.243320678,0.262389075,1.572406194,4.88840582,9.409452809
Hawzen,3.278037518,2.584348312,0.441399186,1.595213093,4.59313932,9.466389931
Hintalo Wejirat,2.717077313,3.312611526,0.494119332,1.797635309,3.807624109,8.322336731
Kelete Awelallo,2.909668284,2.562658938,0.356683717,1.734989424,4.204312079,8.848969787
Kola Temben,3.325332348,2.965689634,0.439579388,1.266231803,4.241371877,8.832936029
Laelay Maychew,3.027903828,2.334734795,0.334501728,1.295837703,4.612881438,8.936622968
Medebay Zana,3.201450055,2.914229023,0.48209748,1.616730299,4.219948062,9.038128417
Naeder Adet,3.478970075,3.225951875,0.49481515,1.776623083,4.153713575,9.409306734
Ofla,2.609214661,2.856226649,0.591610651,1.744312505,4.345607061,8.699134227
Saesie Tsaedaemba,3.172590751,2.872348066,0.454148262,2.032098199,4.46479583,9.66948478
Saharti Samre,3.146349817,3.221864284,0.493803429,1.649371726,3.468070308,8.26379185
Tahtay Koraro,3.067677767,2.15192535,0.252274283,1.100216427,4.527513964,8.695408158
Tahtay Maychew,3.039845514,2.716407241,0.464507355,1.373435626,4.578234515,8.991515655
Tanqua Abergele,3.193149992,3.56852332,0.477833647,1.680637902,3.270993062,8.144780956
Tselemti,2.868138815,3.35896228,0.569153549,2.04133279,2.755846845,7.66531845
Welkait,2.489681874,3.045370719,0.522498054,2.237049828,2.384496335,7.111228037
Werei Leke,3.312894956,2.956460931,0.46881159,1.37747863,4.27719357,8.967567156
Endamehoni,2.593058627,2.609540999,0.530892428,1.95047287,4.483634818,9.027166315
Raya Azebo,2.820712175,4.053842981,0.649208801,2.320526242,3.265108132,8.406346549
