LGA,Average Exposure Risk Score,Average Socio-economic Vulnerability Score,Average Communications Access Risk Score,Average Health Facilities Access Risk Score,Average Comorbidities Risk Score,Average Total Risk Score
Abi,4.064853877,3.332149323,1.136633759,1.047531796,4.910363186,10.02274886
Akamkpa,2.820758505,3.732195173,1.269955652,3.422142679,3.723990486,9.96689167
Akbabuyo,3.765778045,3.525237112,1.69139376,2.418042291,4.877714918,11.06153525
Bakassi,3.647892193,3.668952481,1.894765897,4.145360228,4.962690006,12.75594243
Bekwarra,4.167303762,3.308498714,1.664633274,1.090204227,4.772645716,10.0301537
Biase,3.122282613,3.508892858,1.49485339,2.239944357,4.267138138,9.629365108
Boki,3.205092557,3.652872242,1.595300749,2.53237899,4.211191687,9.948663235
Calabar Municipal,3.994276437,1.339193226,1.010934008,1.12891339,4.99519153,10.11838136
Calabar South,3.835549037,2.436247465,1.406470238,2.770651956,4.978451807,11.5846528
Etung,3.047813328,3.320990711,1.389324187,2.377971656,4.239507239,9.665292223
Ikom,3.210953798,3.171279446,1.579237362,1.547270324,3.976020639,8.734244761
Obanliku,3.658852818,3.510338554,2.275370633,2.301733527,4.586689559,10.5472759
Obubra,3.472420111,3.508906526,1.77773363,1.282055825,4.311630854,9.06610679
Obudu,3.891813563,3.183443735,1.457788363,1.652698226,4.903371664,10.44788345
Odukpani,3.710437485,3.404692931,1.578895936,2.930913438,4.742498953,11.38384988
Ogoja,3.77410575,3.324066553,1.515505418,1.092489139,4.370641714,9.237236603
Yakurr,3.845163335,2.917036938,1.238714298,1.387574493,4.79149758,10.02423541
Yala,3.965306336,3.883432015,1.850850403,1.37142028,3.967520656,9.304247272
Abeokuta North,3.841857916,2.514227271,1.147801342,3.208574078,4.799512569,11.84994456
Abeokuta South,3.990243711,1.007867388,1,2.995488347,5,11.98573206
Ado Odo/Ota,3.968188568,1.424671787,1.005618675,2.257586113,4.98055651,11.20633119
Egbado North,3.557372951,3.736403562,1.707996998,3.250618198,4.45924945,11.2672406
Egbado South,3.827516008,2.430347251,1.152817559,2.253837452,4.816130485,10.89748394
Ewekoro,3.761623543,2.398631586,1.164897383,2.535818189,4.69621895,10.99366068
Ifo,3.978759512,1.25205042,1.010602747,1.903359749,4.991305963,10.87342522
Ijebu East,3.597249329,3.387997508,1.090063373,2.772666186,4.247320955,10.61723647
Ijebu North,3.790404605,2.639995528,1.025868099,2.121799714,4.840602842,10.75280716
Ijebu North East,3.97489038,2.86783061,1.019595188,1.074330292,4.985106769,10.03432744
Ijebu Ode,3.924420759,1.494274773,1.008159657,1.892135573,4.976256416,10.79281275
Ikenne,3.983810116,1.540210572,1,2.021905538,4.988933003,10.99464866
Imeko Afon,3.557330669,3.85951308,1.416898191,2.861406568,4.288249997,10.70698723
Ipokia,3.881894126,3.089189442,1.224555002,2.744124372,4.925083771,11.55110227
Obafemi Owode,3.643511479,2.323755972,1.048767049,2.242025412,4.728396933,10.61393382
Odeda,3.385805179,3.029283279,1.459538845,3.111621863,4.418840933,10.91626797
Odogbolu,3.613605689,2.260532544,1.018321631,2.025351411,4.810996234,10.44995333
Ogun Waterside,3.497585204,3.84996084,1.667248671,3.496947379,4.36316509,11.35769767
Remo North,3.773886562,2.679894635,1,1.93877622,4.855554756,10.56821754
Shagamu,3.880434717,1.639026737,1.007619676,2.011892866,4.928843427,10.82117101
Aguata,3.998412476,2.00206892,1,1.041620051,5,10.04003253
Anambra East,3.847613291,2.716755304,1.128421474,1.654226215,4.904652981,10.40649249
Anambra West,3.133709026,3.532830629,2.295802968,2.929683841,4.753632882,10.81702575
Anaocha,4,1.987408542,1,1.483228174,5,10.48322817
Awka North,3.734037881,2.881523939,1.097985399,1.982075905,4.716199019,10.43231281
Awka South,3.989356956,1.44611687,1,2.035140168,4.999009251,11.02350638
Ayamelum,3.390980642,3.761391924,1.884661998,2.714296303,4.73249182,10.83776877
Dunukofia,3.987542321,2.047190341,1.030137679,1.681159312,4.983991318,10.65269295
Ekwusigo,4,1.918856113,1.000078215,1.02856043,5,10.02856043
Idemili North,4,1.5195421,1,1.233864534,5,10.23386453
Idemili South,4,1.679608866,1.001819453,1.065579122,5,10.06557912
Ihiala,4,1.964921233,1.008992382,1.005385981,5,10.00538598
Njikoka,4,1.640126793,1,1.798599921,5,10.79859992
Nnewi North,4,1.331813045,1,1,5,10
Nnewi South,4,1.935279718,1,1.002332919,5,10.00233292
Ogbaru,3.938000832,2.067894639,1.002631354,1.770016785,4.970381748,10.67839936
Onitsha North,4,1.051303164,1,1.581048458,5,10.58104846
Onitsha South,4,1,1,2.004928378,5,11.00492838
Orumba North,3.721592669,2.494403436,1.005023658,1.725424412,4.968606975,10.41562406
Orumba South,3.921415278,2.30492566,1.001978504,1.027161692,4.997989613,9.946566584
Oyi,3.993800196,1.927766965,1,1.821071407,4.994382075,10.80925368
Brass,2.97131326,3.014369377,1.386599415,4.429674573,4.5572865,11.95827433
Ekeremor,2.932279561,2.839605231,1.028168767,4.677371502,4.707652282,12.31730334
Kolokuma/Opokuma,3.733376195,2.432123461,1.040296712,3.338974081,4.746145469,11.81849575
Nembe,3.147238431,2.785122297,1.081244115,4.597558284,4.741126632,12.48592335
Ogbia,3.2791689,2.184335598,1.006105096,3.256928054,4.697373623,11.23347058
Sagbama,3.487824784,2.642113002,1.028872709,3.641076012,4.657545466,11.78644626
Southern Ijaw,2.944033643,2.567720416,1.069110142,4.678139783,4.626629702,12.24880313
Yenegoa,3.894218085,1.612294631,1,2.759957006,4.894223748,11.54839884
Aniocha North,3.813560806,2.909297564,1.328370394,1.616090419,4.78061425,10.21026547
Aniocha South,3.592665247,2.765030248,1.357792805,1.460812482,4.813237324,9.866715053
Bomadi,3.564680852,2.717048311,1.002197734,3.569278852,4.959707652,12.09366736
Burutu,2.823395022,3.068040838,1.178688585,4.440461318,4.617429495,11.88128584
Ethiope East,3.704328821,2.005359222,1.001181027,1.190475488,4.957100293,9.851904602
Ethiope West,3.774655118,2.110692092,1.068852362,1.357512189,4.903384419,10.03555173
Ika North East,3.743542571,2.701773903,1.257275559,1.323603418,4.892433951,9.95957994
Ika South,3.85167968,2.479986246,1.165010005,1.118828277,4.867631548,9.838139504
Isoko North,3.599250672,1.908534144,1.000125371,1.353070128,4.799250835,9.751571635
Isoko South,3.623981534,2.066733789,1.014068879,1.928101928,4.885018158,10.43710162
Ndokwa East,3.091091829,2.224417426,1.241839467,2.484435309,4.421535393,9.997062531
Ndokwa West,3.286861472,2.041280774,1.089399044,1.63211924,4.735805641,9.654786353
Okpe,3.736221172,2.05932389,1.106395652,1.487486389,4.828514947,10.05222251
Oshimili North,3.807054002,2.420783189,1.253488475,1.504930567,4.820352576,10.13233714
Oshimili South,3.916244311,1.590491462,1.052429212,1.922663284,4.90157334,10.74048094
Patani,3.654516431,2.784178071,1.133471967,2.941886184,4.830048497,11.42645111
Sapele,3.762506509,1.642307978,1.058470887,1.881352185,4.97755556,10.62141425
Udu,3.998468226,1.227312597,1,1.061290653,5,10.05975888
Ughelli North,3.762162271,1.806791698,1.028731315,1.475515466,4.882952526,10.12063026
Ughelli South,3.659104612,2.135556114,1.069622686,2.216787931,4.841395156,10.7172877
Ukwuani,3.550803251,1.952782715,1.054605683,1.310309301,4.804749762,9.665862315
Uvwie,3.946789435,1.054538972,1.000204022,1.007806307,4.99766328,9.952259023
Warri North,3.466520699,2.639080878,1.269256587,4.399023966,4.66710282,12.53264748
Warri South,3.79260822,1.649900692,1.075333676,2.115089166,4.985731387,10.89342877
Warri South-West,3.214683687,2.700548861,1.332157533,4.653585867,4.793306973,12.66157653
Akoko-Edo,4.060574923,3.305950881,1.133946471,1.165358921,4.689723195,9.915657039
Egor,3.999554903,1.122496608,1.00078169,1.003344565,5,10.00289947
Esan Central,3.847965772,2.665922674,1.080631175,1.246248981,4.960183266,10.05439802
Esan North-East,3.946949302,2.451804253,1.22535022,1.3680094,4.863486869,10.17844557
Esan South-East,3.765236137,3.346283453,1.847211851,1.522467586,4.563413225,9.851116947
Esan West,3.767985247,2.572832731,1.180872184,1.319889364,4.85135448,9.939229091
Etsako Central,3.661332852,3.63858464,2.214632727,1.283467988,4.444706722,9.389507562
Etsako East,3.825543167,3.387837784,1.601698799,1.672814667,4.522686851,10.02104468
Etsako West,4.026733658,2.520665878,1.377012668,1.189701274,4.674525793,9.890960724
Iguegben,3.401143812,2.958689926,1.501420093,1.319949898,4.781921398,9.503015107
Ikpoba-Okha,3.9192471,1.773021288,1.085116428,1.288128166,4.912880243,10.12025551
Oredo,3.87243396,1.347645819,1.024452221,1.109035719,4.988343,9.969812679
Orhionmwon,3.440208743,3.053198438,1.661672507,1.670960395,4.506807084,9.617976222
Ovia North-East,3.652461328,2.805527902,1.314824916,2.376169948,4.506694691,10.53532597
Ovia South-West,3.633239123,3.598660861,1.323558485,3.493123907,4.147687766,11.2740508
Owan East,4.134036646,3.391214727,1.610689882,1.529395436,4.44846728,10.11189936
Owan West,4.260200697,3.305217291,1.573152094,1.433962786,4.608366834,10.30253032
Uhunmwonde,3.31297399,3.133680813,1.513687477,1.761296656,4.423169986,9.497440632
Aboh-Mbaise,4,2.093043855,1.035614772,1.008275201,5,10.0082752
Ahiazu-Mbaise,4,2,1,1,5,10
Ehime Mbano,3.987814613,2.255128685,1.000046182,1.019571371,5,10.00738598
Ezinihitte,4,2.030715814,1.002149269,1,5,10
Ideato North,3.977387423,2.058553194,1,1.023615178,5,10.0010026
Ideato South,4,2.010242076,1,1.011911455,5,10.01191146
Ihitte/Uboma,3.986045511,2.270844149,1.003879083,1.021110205,5,10.00715572
Ikeduru,4,2.06042897,1,1.0051655,5,10.0051655
Isiala Mbano,4,2.092743644,1.013023242,1.001909805,5,10.0019098
Isu,4,2.006540777,1,1.006540777,5,10.00654078
Mbaitoli,4,1.969305163,1,1.0036831,5,10.0036831
Ngor-Okpala,3.884844477,2.328621197,1.223163656,1.093392591,4.879869534,9.858106602
Njaba,3.9923684,2,1,1,5,9.9923684
Nkwerre,4,1.963222434,1,1,5,10
Nwangele,4,2,1,1,5,10
Obowo,4,2,1,1,5,10
Oguta,3.818215617,1.949682821,1.000932395,1.33898219,4.867808734,10.02500654
Ohaji/Egbema,3.614387922,2.06248387,1.003690857,1.342062537,4.651871844,9.608322303
Okigwe,3.979762844,2.43549096,1.001886288,1.025991793,4.995681081,10.00143572
Orlu,4,1.976327056,1,1.004860105,5,10.0048601
Orsu,4,2,1,1,5,10
Oru East,4,2.01565956,1,1,5,10
Oru West,4,1.779624001,1,1,5,10
Owerri Municipal,3.999708004,1.026239791,1,1.079322582,5,10.07903059
Owerri North,3.996182583,1.733648886,1,1.11899205,4.995935616,10.11111025
Owerri West,3.87810515,1.89412161,1,1.050291164,4.913395935,9.841792248
Unuimo,4,2.316404913,1,1.020903003,5,10.020903
Akoko North East,4.764142178,2.800097171,1.014702002,1.018510004,4.80554619,10.58819837
Akoko North West,4.586618144,2.787697691,1.041236194,1.01796033,4.902730304,10.50730878
Akoko South East,4.83783286,3.08101921,1.04720729,1.009160725,4.835085531,10.68207912
Akoko South West,4.831218917,2.74928676,1.001980952,1.11027223,4.887453941,10.82894509
Akure North,4.429222626,2.381321301,1.056765086,1.350612197,4.733877584,10.51371241
Akure South,4.087067508,1.600124602,1.00297749,1.476405165,4.988286171,10.55175884
Ese Odo,3.941216919,3.612149572,1.265185956,3.744322795,4.666771893,12.35231161
Idanre,4.003663959,3.286419315,1.068889484,2.440487018,4.267971065,10.71212204
Ifedore,4.6069924,2.654353947,1.009828618,2.037431267,4.980470689,11.62489436
Ilaje,3.769229676,3.562949802,1.411548726,3.794681378,4.681140173,12.24505123
Ile Oluji/Okeigbo,3.936401752,3.358540551,1.030201578,2.533941057,4.914278654,11.38462146
Irele,3.941915422,3.745130122,1.14137216,3.651947617,4.678596897,12.27245994
Odigbo,4.168078332,3.317435009,1.063963022,2.986570524,4.543386794,11.69803565
Okitipupa,4.062791023,3.135463718,1.077762186,3.003771342,4.828363377,11.89492574
Ondo East,3.978162998,3.39143295,1,2.324506109,4.642367563,10.94503667
Ondo West,4.167088566,2.785753143,1.001517815,2.482876462,4.839370813,11.48933584
Ose,4.33500326,3.510541398,1.586207914,1.653616912,4.285850107,10.27447028
Owo,4.660347346,2.724001118,1.071746738,1.339691445,4.747734302,10.74777309
Abua/Odual,3.566208987,2.291222336,1.050992406,2.583725388,4.872670274,11.02260465
Ahoada East,3.887383923,1.770377784,1,1.328128402,4.938096878,10.1536092
Ahoada West,3.849237733,1.663581036,1,1.818173681,4.968741173,10.63615259
Akuku Toru,3.410712612,2.737790751,1.254942133,4.545164758,4.913311861,12.86918923
Andoni,3.977956302,2.780909082,1.654923727,2.690227532,5,11.66818383
Asari-Toru,3.953709544,2.090169911,1.031132585,1.222026251,5,10.17573579
Bonny,3.940789571,1.866661723,1.2385181,3.722370759,4.972731995,12.63589233
Degema,3.906205829,2.178923655,1.053913931,3.075845374,4.971518615,11.95356982
Eleme,4,1.116849996,1.003646637,1.137849365,4.996685835,10.1345352
Emuoha,3.724972725,2.11551772,1.00282297,1.877577873,4.698670318,10.30122092
Etche,3.820317017,2.152541642,1.038783389,1.459698746,4.902495297,10.18251106
Gokana,4,2.447861593,1.207585142,1.257193764,5,10.25719376
Ikwerre,3.664519987,1.840848815,1.008539909,1.56882345,4.719617656,9.952961093
Khana,3.991159108,2.989435504,1.388870555,1.878248587,4.976385298,10.84579299
Obio/Akpor,4,1.030264206,1,1.033961513,5,10.03396151
Ogba/Egbema/Ndoni,3.829625571,1.527864476,1.019029049,1.821310658,4.864195939,10.51513217
Ogu Bolo,4,1.682101917,1,2.319326218,5,11.31932622
Okrika,3.994306801,1.485838678,1.010548284,2.802674399,4.99699295,11.79397415
Omumma,3.935816395,2.052675963,1,1.659997579,4.946983317,10.54279729
Opobo/Nkoro,4,2.824083171,1.362172485,1.89008448,5,10.89008448
Oyigbo,3.972517172,1.64584017,1.065754079,1.56205405,4.86183532,10.39640654
Port-Harcourt,4,1.021975962,1,1.018902165,5,10.01890217
Tai,4,2.233537507,1.066782984,1.558100662,4.984092969,10.54219363
Asa,3.901095327,3.400653658,1.581609405,1.468304059,3.72742841,9.096827796
Baruten,3.461236307,4.602746652,4.514366661,2.557066193,2.073877968,8.092180468
Edu,3.936537059,4.101596379,3.519049213,1.977614929,3.602577646,9.516729634
Ekiti,4.2298282,3.143644722,1.347084247,1.315347618,4.381342176,9.926517994
Ifelodun,4.173748593,3.608208527,2.171362699,1.343242916,3.659712426,9.176703935
Ilorin East,3.973852982,1.882571487,1.169201213,1.002947311,4.911263514,9.888063807
Ilorin South,4.168030711,2.273604437,1.034296912,1.008471995,4.9910159,10.16751861
Ilorin West,4.019098687,1.937513976,1.007563098,1,4.979073366,9.998172053
Irepodun,4.230308824,2.789743829,1.315167813,1.336325174,4.610220458,10.17685446
Isin,4.087975953,3.147314865,1.523444059,1.133788056,4.234919567,9.456683577
Kaiama,3.721468217,4.64246766,4.485340466,2.496643835,2.023453531,8.241565582
Moro,3.905770012,3.713785095,2.563420251,1.281885259,3.170911366,8.358566638
Offa,4.129410598,2.026476785,1.016534382,1.055538965,4.931448971,10.11639853
Oke Ero,4.194293389,3.01589156,1.296564274,1.435862206,4.329036472,9.959192067
Oyun,4.060763366,2.810368872,1.226377859,1.37029023,4.631540456,10.06259405
Pategi,3.73309042,4.054541809,4.004725077,1.859278655,3.006991432,8.599360507
Agege,3.935860614,1,1,1.266802147,5,10.20266276
Ajeromi/Ifelodun,4,1,1,1.886460176,5,10.88646018
Alimosho,3.979068392,1.000141149,1,1.431676565,5,10.41074496
Amuwo Odofin,4,1.115482237,1.014059642,1.459723867,5,10.45972387
Apapa,4,1.067196475,1,1.835617984,5,10.83561798
Badagry,3.999304407,2.191051684,1.039468414,1.836981151,4.988196059,10.82448162
Epe,3.679565063,2.982879175,1.300181054,2.369290183,4.82719167,10.87604692
Eti Osa,3.971137616,1.11926364,1,1.228090667,5,10.19922828
Ibeju Lekki,3.889715198,3.012432085,1.242239485,2.506369612,4.880592594,11.2766774
Ifako/Ijaye,3.826172,1,1,1.420777319,5,10.24694932
Ikeja,4,1,1,1.727282744,5,10.72728274
Ikorodu,3.998828708,1.290629047,1.003409061,1.915321941,4.998066098,10.91221675
Kosofe,4,1.039205225,1.002843072,1.285297325,5,10.28529733
Lagos Island,4,1.107578813,1.013312327,1.665921881,5,10.66592188
Lagos Mainland,4,1,1,1.344826788,5,10.34482679
Mushin,4,1,1,2.089999568,5,11.08999957
Ojo,4,1.146692275,1.035357125,1.796398156,5,10.79639816
Oshodi/Isolo,4,1,1,1.475349233,5,10.47534923
Shomolu,4,1,1,1.371168007,5,10.37116801
Surulere,4,1,1,1.951859318,5,10.95185932
Afijio,3.243529381,3.041525283,1.106240892,2.214937289,4.615321132,10.0737878
Akinyele,3.852341376,1.732428648,1.000498363,2.405548727,4.939045226,11.19693533
Atiba,3.350317753,3.8375423,1.658304171,2.814676033,4.207486973,10.37248076
Atisbo,3.257006099,4.074091467,1.504746355,3.269647444,3.980985536,10.50763908
Egbeda,3.99566194,1.542876849,1.000649705,1.711644618,4.995947336,10.70325389
Ibadan North,3.895252547,1.027483445,1,2.2726654,5,11.16791795
Ibadan North East,4,1.018461446,1,1.916833271,5,10.91683327
Ibadan North West,4,1.185041831,1,2.689902305,5,11.68990231
Ibadan South East,4,1.060091771,1,1.962817489,5,10.96281749
Ibadan South West,3.956468436,1.00218194,1,2.462595695,5,11.41906413
Ibarapa Central,3.417086542,3.881435787,1.155232378,2.631125162,4.764246345,10.81245805
Ibarapa East,3.469913678,3.595765329,1.305212643,1.824072955,4.464360242,9.758346875
Ibarapa North,3.157058268,4.066420723,1.274315152,2.428030635,4.169596962,9.754685865
Ido,3.703850924,1.766980231,1.105778489,2.5850593,4.6934164,10.98232662
Irepo,4.168180316,3.48807753,2.380088703,1.320297801,3.925654729,9.414132846
Iseyin,3.336701654,3.317810131,1.135107288,2.131020006,4.582459726,10.05018139
Itesiwaju,3.091259171,4.001600039,1.111829811,2.821015756,4.042840069,9.955114996
Iwajowa,3.117127951,4.171081049,1.361055664,2.824638482,3.831750841,9.773517273
Kajola,3.519549774,3.40769865,1.017886973,2.067713568,4.790107021,10.37737036
Lagelu,3.931634721,1.876293007,1.017181054,2.318437281,4.963104631,11.21317663
Ogbomosho North,3.451425955,1.981819012,1.000563034,1.479110685,4.978540526,9.909077166
Ogbomosho South,3.03840361,2.658950101,1.001389475,1.65250499,4.996876662,9.687785263
Ogo Oluwa,2.871831517,3.212050732,1.014971502,2.309734117,4.220037988,9.401603623
Olorunsogo,4.049953956,3.31300579,1.702103838,1.935317198,4.012634392,9.997905545
Oluyole,3.767178045,2.356723618,1.001699199,2.188453369,4.856711424,10.81234284
Ona Ara,3.913576659,2.064617517,1.033181324,1.899936767,4.986084861,10.79959829
Orelope,3.947047342,3.311154286,1.777776074,2.418545111,4.270269388,10.63586184
Ori Ire,3.340184356,3.800211648,1.336015547,2.175811484,3.937800396,9.453796236
Oyo East,3.326687339,2.532447741,1.001563392,1.187751807,4.968942227,9.483381373
Oyo West,3.606347425,2.028278643,1.21786829,1.625552416,4.671717856,9.903617697
Saki East,3.232724425,3.860432485,1.770936765,2.55057985,3.878583788,9.661888062
Saki West,3.606134962,3.574866083,1.916305432,2.834118304,4.115517468,10.55577073
Surulere,3.231633528,3.177034758,1.084290252,2.365259084,4.486596419,10.08348903
Birnin Gwari,3.369104183,4.339777527,3.352016004,3.65255614,2.938479295,9.960139618
Chikun,3.793242587,2.661829781,1.985402932,2.285130963,4.2532323,10.33160585
Giwa,3.746307251,3.995933635,2.661366009,3.493877579,3.476641285,10.71682612
Igabi,3.808903362,3.254772739,1.935721858,2.97245107,3.940408555,10.72176299
Ikara,3.896322773,4.278498884,2.469626506,1.846007196,4.02285228,9.765182249
Jaba,3.189471472,3.183334263,1.918172038,2.691794931,4.718369567,10.59963597
Jema'A,3.198825032,3.191929982,1.953135907,1.983895971,4.46443556,9.647156563
Kachia,3.455236362,3.879830276,2.812032064,3.608794423,3.597156081,10.66118687
Kaduna North,4,1.046366598,1.007945599,1.184806192,5,10.18480619
Kaduna South,4,1.023820878,1,1.752455826,5,10.75245583
Kagarko,3.339924921,3.609056293,2.169994941,2.219244717,3.851146555,9.410316193
Kajuru,3.414013453,3.91107349,2.976883989,3.350374293,3.553050999,10.31743874
Kaura,3.307406273,3.172824881,1.81719976,1.714685795,4.852133067,9.874225134
Kauru,3.337601847,3.991175848,3.237114175,3.785662318,3.779757664,10.90302183
Kuban,3.64449192,4.004832703,2.860238213,2.763379419,3.560872746,9.968744085
Kudan,3.978262307,3.977571116,2.011276527,1.949052798,4.44163025,10.36894536
Lere,3.746459458,3.806479051,2.522659118,2.81736345,4.158489271,10.72231218
Makarfi,3.964436078,3.959824122,2.09039928,2.028682436,4.271961774,10.26508029
Sabon Gari,3.988203908,2.699189262,1.319798031,1.467805649,4.939489573,10.39549913
Sanga,3.292473641,3.687627995,2.468347841,1.656518815,4.142405628,9.091398083
Soba,3.798122818,3.979943356,2.465739549,3.261019361,3.389255211,10.44839739
Zangon Kataf,3.240613375,3.4387256,2.199207747,3.08884918,4.207923042,10.5373856
Zaria,3.989406581,3.032013754,1.391069398,1.678894676,4.881988903,10.55029016
Adavi,3.819445087,2.641149078,1.183977072,1.048931678,4.689501026,9.557877791
Ajaokuta,3.509668347,3.104572697,1.501433593,1.27056442,4.314637814,9.094870581
Ankpa,3.740106879,3.137350895,1.712871746,1.067444952,4.448114882,9.255666713
Bassa,2.949360616,3.864319455,2.21291901,1.796161173,3.678615589,8.424137379
Dekina,3.481793246,3.089346331,1.871683828,1.208649801,4.098659724,8.789102772
Ibaji,2.919219372,3.971569991,2.468037001,2.291323535,4.116690025,9.327232931
Idah,3.279381269,3.448591176,1.715756909,1.19799126,5,9.47737253
Igalamela-Odolu,3.439009278,3.409702027,1.73843258,1.417635034,4.149807316,9.006451628
Ijumu,3.832779583,3.040200902,1.303769019,1.077731,4.232140582,9.142651165
Kabba/Bunu,3.348795232,3.152481309,1.814965257,1.616998801,3.866131681,8.831925714
Kogi,3.103907856,3.662856219,2.282619493,1.657343462,3.819052419,8.580303737
Lokoja,3.400070651,3.202233546,2.18370989,1.675937748,3.948465125,9.024473524
Mopa-Muro,3.79993671,3.430713631,2.069059452,1.158059038,3.940675112,8.898670861
Ofu,3.326202097,3.19430123,1.909983198,1.165646738,4.124930945,8.61677978
Ogori/Magongo,3.990113996,2.897370429,1,1.069618459,4.953359699,10.01309215
Okehi,3.580375681,2.98787939,1.170243592,1.512497422,4.188034329,9.280907432
Okene,3.955901469,2.823538247,1.054461694,1.168803602,4.923893739,10.04859881
Olamaboro,3.668881546,3.155199863,1.609542951,1.102196115,4.310744475,9.081822136
Omala,3.164204333,3.87128848,2.118023943,1.539536782,3.507034199,8.210775314
Yagba East,3.940355804,3.212561054,1.713953703,1.19750398,4.145393429,9.283253213
Yagba West,3.798235388,3.502878913,1.649343401,1.323717466,4.099023653,9.220976508
Agaie,3.631947765,3.967293014,3.297526903,2.311117416,2.8028513,8.745916482
Agwara,3.402901656,4.980338445,4.702659086,2.192811728,2.009539548,7.605252933
Bida,4,2.127597071,1.085658117,1,4.989752088,9.989752088
Borgu,3.679598501,4.645615184,4.215616849,2.625923973,2.516143593,8.821666067
Bosso,3.516950861,3.603567834,2.127604931,1.331683002,3.788848247,8.63748211
Chanchaga,3.951605232,1.538371066,1.004864054,1,4.999019509,9.950624741
Edati,3.720469289,4.065765522,2.763416755,2.123602109,4.24230383,10.08637523
Gbako,3.624541989,4.382069584,3.088379232,2.137913948,3.002989747,8.765445683
Gurara,3.564507307,2.998339602,1.810288917,1.356574743,4.160458783,9.081540833
Katcha,3.558118669,4.314977034,3.445801384,2.351030413,2.881919705,8.791068787
Kontagora,3.533368047,3.739842294,2.694607627,1.220527071,3.705935042,8.459830159
Lapai,3.282268937,3.993926418,3.538587549,2.33560738,2.738229188,8.356105505
Lavun,3.214918159,4.212346649,3.193310367,2.287339091,2.624715832,8.126973083
Magama,3.585081267,4.716915135,3.758644198,1.544499358,3.26529684,8.394877465
Mariga,3.016796626,4.894402437,4.493620069,2.456787607,2.506861202,7.980445435
Mashegu,3.348346441,4.771969719,4.459099887,2.79111087,2.444273081,8.583730392
Mokwa,3.582673701,4.34631726,3.340078455,2.212540062,3.591860635,9.387074398
Muya,3.098108736,4.029282432,3.159178629,2.755604411,3.050878034,8.904591181
Paikoro,3.286086827,3.886970793,2.63502266,1.778916694,3.220520419,8.28552394
Rafi,3.192996091,4.325555662,2.927765661,2.085496375,3.423133189,8.701625655
Rijau,3.354311979,4.868976982,4.455554207,2.06887516,2.978050474,8.401237613
Shiroro,3.362036711,4.304977814,3.245743547,2.605802604,3.467877503,9.435716817
Suleja,3.99483254,1.308947377,1.005891394,1,4.988169596,9.983002136
Tafa,3.793384992,2.694320069,1.50522551,1.05297625,4.71261278,9.558974023
Wushishi,3.236251832,4.79647965,3.515187829,2.406204836,2.876375835,8.518832504
Aiyedade,3.487818224,3.249740297,1.035929644,2.797233596,4.711799599,10.99685142
Aiyedire,3.897541946,3.128334548,1.02783582,3.351385458,4.940182754,12.18911016
Atakunmosa East,3.725673996,3.29445069,1.009787685,2.031666272,4.51968189,10.27702216
Atakunmosa West,3.718389243,2.89657128,1.065393516,2.654655947,4.724374767,11.09741996
Boluwaduro,3.969812921,2.625476992,1.000390658,3.006413413,4.958642685,11.93486902
Boripe,3.790500922,2.250985222,1.003784317,2.548427719,4.990348065,11.32927671
Ede North,3.984523635,1.817046623,1,2.293326451,4.987715743,11.26556583
Ede South,3.878687861,2.687534631,1.000833937,2.890079917,4.937222051,11.70598983
Egbedore,3.812861784,1.7583564,1.00121322,2.197667957,4.874611485,10.88514123
Ejigbo,3.463772009,2.807137678,1.005535893,2.133137884,4.75350906,10.35041895
Ife Central,3.788315969,1.826966983,1,2.650822786,4.912666495,11.35180525
Ife East,3.862711106,2.708067758,1.000924021,1.785377952,4.995678813,10.64376787
Ife North,3.719786901,2.733803162,1.004927243,2.443777129,4.629926399,10.79349043
Ife South,3.834134411,3.405729349,1.002605724,2.776054276,4.86135124,11.47153993
Ifedayo,3.84057546,2.870729457,1.222916077,1.476471693,4.753433646,10.0704808
Ifelodun,3.840632065,2.102528886,1.007044192,2.30462545,4.944115251,11.08937277
Ila,3.757029255,2.65422608,1.299634991,2.821237988,4.683584746,11.26185199
Ilesha East,3.999788922,1.769809829,1,1.697270931,4.999806772,10.69686663
Ilesha West,3.98637165,1.22954995,1.005480103,3.013443766,4.982621416,11.98243683
Irepodun,3.828767375,1.906369326,1.007924345,1.740612058,4.989688808,10.55906824
Irewole,3.784998198,2.530153241,1.005332783,2.203969546,4.915991168,10.90495891
Isokan,3.541619713,2.682318588,1.004046361,2.133494634,4.988203591,10.66331794
Iwo,3.898555235,2.188572884,1.051617551,3.036405164,4.901453667,11.83641407
Obokun,3.518688961,2.913097011,1.101449978,3.099924583,4.808036569,11.42665011
Odo Otin,3.81341913,2.613195229,1.005499456,2.534508624,4.859116011,11.20704377
Ola Oluwa,3.216249465,3.253860569,1.031650858,2.832512586,4.611142362,10.65990441
Olorunda,3.868973487,1.618410074,1.017481189,2.583987714,4.964868983,11.41783018
Oriade,3.959456942,2.775962056,1.00906717,1.984740397,4.832523653,10.77672099
Orolu,3.719536677,2.362723375,1,2.087258175,4.895739778,10.70253463
Osogbo,4,1.173032738,1,2.861522823,5,11.86152282
Ado-Ekiti,4.384779058,2.271019192,1.080489684,1.07412684,4.997061531,10.45596743
Efon,4.23901109,2.693220372,1.102701596,1.276466344,4.964552297,10.48002973
Ekiti East,4.316115599,2.386113593,1.080577704,1.001062867,4.920465663,10.23764413
Ekiti South-West,4.825373863,2.746653102,1.032709069,1.198729156,4.978689458,11.00279248
Ekiti West,4.345719195,2.758094954,1.019889275,1.38368359,4.997253912,10.7266567
Emure,4.8966887,2.852448549,1.023470003,1.070904795,4.901437203,10.8690307
Gbonyin,4.802186275,2.872582257,1.064318726,1.015080566,4.865238126,10.68250497
Ido-Osi,4.169810465,2.094938022,1.025186676,1,4.979758925,10.14956939
Ijero,4.077509245,2.560682268,1.066111951,1.595908786,4.982640898,10.65605893
Ikere,4.689630966,2.632592608,1.05642655,1.209496819,4.978527064,10.87765485
Ikole,4.277032774,3.005915787,1.255501543,1.262145524,4.591996354,10.13117465
Ilejemeje,4.160288832,2.467520648,1.079067527,1,4.943921519,10.10421035
Irepodun/Ifelodun,4.513878862,2.539023291,1.0122292,1,4.889025205,10.40290407
Ise/Orun,4.895915371,2.986491861,1.07596939,1.422732994,4.850400624,11.16904899
Moba,4.094568151,2.367334014,1.010872436,1,4.947181202,10.04174935
Oye,4.320218247,2.681550233,1.117321487,1.061074378,4.847632604,10.22892523
Abak,4.002701293,2.598097549,1.010155137,1.950976752,5,10.95367804
Eastern Obolo,4.03170125,2.936932963,1.37538129,3.240862545,4.996978385,12.26954218
Eket,4.013071781,1.704889125,1.005522044,1.694401889,4.998850302,10.70632397
Esit Eket,4.213863171,2.803214284,1.413499516,2.724152479,4.992133911,11.93014956
Essien Udim,4.005886164,2.725706773,1.008100123,1.94517767,5,10.95106383
Etim Ekpo,3.980962836,2.89442808,1.046690385,2.023188108,4.998423037,11.00257398
Etinan,4.26046786,2.797893683,1.1661064,2.038622793,4.999927386,11.29901804
Ibeno,3.981699648,2.111491938,1.117229267,2.905730403,4.936643432,11.82407348
Ibesikpo Asutan,4.088069805,2.15238972,1.073254391,2.010585562,5,11.09865537
Ibiono Ibom,3.94577728,2.75106565,1.067601519,2.225942444,4.978025217,11.14974494
Ika,3.994397132,2.79896198,1.048127067,1.940912917,4.999857004,10.93516705
Ikono,4.046899215,2.582627237,1.011369424,1.992631232,4.974311071,11.01384152
Ikot Abasi,3.994445664,2.868823013,1.34464353,2.129611332,4.956296059,11.08035306
Ikot Ekpene,3.975079366,1.907816023,1,1.979801301,5,10.95488067
Ini,3.484914201,2.978267286,1.344300209,1.778305087,4.685852186,9.949071473
Itu,4.010686041,2.160787538,1.046886085,1.992336247,4.975773156,10.97879544
Mbo,4.244111923,3.413973242,1.835568598,2.973641758,4.989286259,12.20703994
Mkpat Enin,4.32253297,3.030003244,1.499250529,2.086972541,4.996154206,11.40565972
Nsit Atai,4.669825224,3.020799238,1.514973975,2.150074196,5,11.81989942
Nsit Ibom,4.062008492,2.483196511,1.086187221,2.026746887,5,11.08875538
Nsit Ubium,4.644920442,2.977224612,1.18782785,2.014371585,5,11.65929203
Obot Akara,3.944501601,2.696471964,1.003896615,1.778672566,4.989888296,10.71306246
Okobo,4.371327767,3.290787732,1.787022108,2.501706063,4.994002139,11.86703597
Onna,4.047147119,2.834864605,1.123503055,2.056227978,5,11.1033751
Oron,4.081911385,2.655584422,1.202598538,1.839867636,5,10.92177902
Oruk Anam,4.081090128,3.020063358,1.561412162,2.296295235,4.981814322,11.35919968
Udung Uko,4.476589285,3.552022023,1.987498199,2.904274588,4.996522041,12.37738591
Ukanafun,4.00114317,2.952136609,1.193999364,2.1375501,4.995290016,11.13398329
Uruan,3.930224485,3.096206199,1.261024593,2.554313924,4.942326882,11.42686529
Urue Offong/Oruko,4.816736818,3.183302063,1.842472138,2.066830597,5,11.88356742
Uyo,4,1.437990695,1.004700461,1.860054373,4.998753913,10.85880829
Abakaliki,4.21139908,2.744525207,1.248264112,1,4.446319555,9.657718635
Afikpo North,4.125416062,2.854768575,1.025558576,1.034615389,4.989172337,10.14920379
Afikpo South,4.302512402,2.950173766,1.032179934,1.331829983,4.937521483,10.57186387
Ebonyi,4.253094385,2.665580231,1.394922327,1.039983175,4.180512364,9.473589925
Ezza North,4.901846696,3.972066826,1.726046785,1,4.882257008,10.7841037
Ezza South,4.650076847,3.764690519,1.265002913,1.011247073,4.83686715,10.49819107
Ikwo,4.023206384,3.897673644,1.330120559,1.07927074,4.678024206,9.78050133
Ishielu,4.702223662,3.777626136,1.629186864,1.30572539,4.332684988,10.34063404
Ivo,4.186768723,2.899209221,1.093895989,1.048738029,4.924862792,10.16036954
Izzi,4.427049222,3.994057796,1.824077765,1.07798457,3.947785226,9.452819018
Ohaozara,4.557061759,3.133164409,1.00313911,1.051170126,4.977765243,10.58599713
Ohaukwu,4.756920752,3.318248573,1.327994273,1.061486971,4.653157352,10.47156507
Onicha,4.658611283,3.407960873,1.01088724,1.040863223,4.924090303,10.62356481
Aninri,4.399694901,3.442105881,1.030022789,1.36180031,4.959638435,10.72113365
Awgu,4.060709508,2.880491147,1.010153286,2.246870719,4.987013104,11.29459333
Enugu East,3.997303372,2.01151183,1.059916116,2.237214488,4.975039792,11.20955765
Enugu North,3.951992766,1.191011073,1,2.666728252,5,11.61872102
Enugu South,3.822272432,1.426301757,1,1.829947614,5,10.65222005
Ezeagu,3.895250153,2.997558473,1.148872193,2.112465082,4.916199804,10.92391504
Igbo-Etiti,3.797499639,3.004423069,1.059943217,2.375216812,4.985039449,11.1577559
Igbo-Eze-North,4.00555907,2.850310651,1,2.144548683,4.999173658,11.14928141
Igbo-Eze-South,4.020779318,2.667215252,1,1.997731343,4.994706517,11.01321718
Isi-Uzo,4.03310582,3.429767551,1.55872144,1.676531738,4.603192212,10.31282977
Nkanu East,4.64124983,3.531285156,1.267802688,2.000874096,4.756095148,11.39821907
Nkanu West,4.082879531,2.224185346,1,2.327500144,4.999348996,11.40972867
Nsukka,3.914459623,2.482874323,1.006113407,2.07550488,4.97620325,10.96616775
Oji-River,3.845838048,2.777944151,1.046574353,1.66335708,4.975964333,10.48515946
Udenu,4.001724533,2.729925486,1.012963955,2.185106139,4.988953741,11.17578441
Udi,3.94297319,2.639663939,1.088751779,2.135648335,4.905987162,10.98460869
Uzo-Uwani,3.835682602,3.702393552,1.623911758,2.117958576,4.615781759,10.56942294
Aba North,4,1.081530977,1,2.023645937,5,11.02364594
Aba South,4,1.118624664,1,2.040534158,5,11.04053416
Arochukwu,3.650077737,2.744490754,1.148690447,1.639500673,4.896890685,10.18646909
Bende,3.624876132,2.737255502,1.322605906,1.39684157,4.923416842,9.945134544
Ikwuano,3.68192967,2.546464477,1.076865226,1.255037212,4.966277453,9.903244336
Isiala-Ngwa North,4,2.042192823,1.001259937,1.084661966,4.999788189,10.08445015
Isiala-Ngwa South,3.992444363,2.038727122,1.011346936,1.010711315,4.999132412,10.00228809
Isuikwuato,3.848911978,2.589496033,1.060720258,1.212747449,4.938658992,10.00031842
Obi Ngwa,3.971143784,1.977703968,1.010654084,1.841646408,4.97087274,10.78366293
Ohafia,3.881020202,2.569549798,1.069445717,1.593397996,4.965822377,10.44024057
Osisioma Ngwa,4,1.471934354,1.00020367,1.585227446,5,10.58522745
Ugwunagbo,3.995682163,2.151597287,1.012873999,1.909581213,4.995350125,10.9006135
Ukwa East,3.88909102,2.859490694,1.336455489,1.891469768,4.804591487,10.58515228
Ukwa West,3.972584623,1.759560441,1.004801271,1.789533359,4.974172968,10.73629095
Umu-Nneochi,4.150766679,2.835637198,1.026406028,1.239925799,4.979280901,10.36997338
Umuahia North,3.954046497,1.827158649,1.042270236,1.077905716,4.994083958,10.02603617
Umuahia South,3.994780573,1.869748239,1.003565232,1.18028933,5,10.1750699
Ado,4.293485569,3.924054494,1.900072874,1.788878983,3.989663288,10.07202784
Agatu,3.428467681,3.990040986,2.120755379,1.844085631,3.535155886,8.807709198
Apa,3.630950814,3.932986476,1.947903257,1.473148367,3.521286154,8.625385334
Bukuru,3.924011371,3.769184139,2.235430589,1.134925711,3.742571376,8.801508459
Gboko,3.693505004,2.770469789,1.61436478,1.089978478,4.197331209,8.980814691
Guma,3.536254844,4.008603261,2.857091082,1.602493486,2.960881187,8.099629518
Gwer East,3.582909948,3.793689834,1.872874138,1.384759899,3.463872732,8.431542579
Gwer West,3.746611874,3.74764,1.865619965,1.391496887,3.845203063,8.983311824
Katsina-Ala,3.848368503,3.978163229,2.295136263,1.47653089,3.287866685,8.612766079
Konshisha,4.170541126,3.964717906,2.084245435,1.344518927,4.094808407,9.60986846
Kwande,4.090588656,3.782090161,2.408147896,2.02789544,4.065092521,10.18357662
Logo,3.776260563,3.84683814,2.105205208,1.422016806,3.542852263,8.741129632
Markurdi,3.621087077,2.264670192,1.271845584,1.057214862,4.62444235,9.302744288
Obi,4.343032823,3.6283294,1.667900309,1.151507661,4.358999998,9.853540482
Ogbadibo,3.710107368,3.119442488,1.445848824,1.366825568,4.642807153,9.71974009
Ohimini,3.933403497,3.85734672,1.925810511,1.126011863,3.95974872,9.01916408
Oju,4.515187118,3.788221223,1.8500648,1.463265028,4.090883631,10.06933578
Okpokwu,3.916183103,3.507435461,1.7108682,1.057654251,4.495850759,9.469688112
Oturkpo,3.97223052,3.090200768,1.62776348,1.276050755,4.310461777,9.558743052
Tarka,4.084959,3.41039028,1.860991679,1.138042826,3.88106236,9.104064185
Ukum,3.80475726,3.516482044,1.933215497,1.175743363,3.819385361,8.799885983
Ushongo,4.039413115,3.779965335,2.255088092,1.266659785,3.798243847,9.104316747
Vandeikya,4.629240041,3.729078039,2.492247981,1.198759189,4.486834385,10.31483361
Abaji,3.348049541,3.538017762,2.755639419,1.718592569,3.728522743,8.795164854
Bwari,3.705524658,2.229239557,1.219516386,1.132482011,4.630682416,9.468689085
Gwagwalada,3.287654549,2.755382206,2.039235002,1.297627183,4.484533381,9.069815113
Kuje,3.298888509,3.313396352,2.028704939,1.648890683,4.055199676,9.002978868
Kwali,3.157967274,3.730015149,2.697228048,1.342304449,3.97273894,8.473010663
Municipal Area Council,3.787850528,1.526220374,1.056720966,1.011965559,4.921886427,9.721702514
Akwanga,3.0312562,3.03150779,1.841783686,1.147750614,3.870310933,8.049317747
Awe,3.741963469,4.013323676,3.937512596,2.097446442,2.630825143,8.470235054
Doma,3.266372902,3.82281383,2.790170103,1.869340535,2.875490599,8.011204036
Karu,3.356758526,2.807844915,1.850825241,1.22690879,3.820271574,8.40393889
Keana,3.640059413,3.91223733,2.979635735,1.383122899,2.897891042,7.921073353
Keffi,3.883834333,2.269621886,1.268990413,1.021648561,4.788718148,9.694201042
Kokona,3.229392232,3.439149399,2.381285147,1.475422042,2.999556903,7.704371177
Lafia,3.57125113,3.33507585,2.222879782,1.642811445,3.932813419,9.146875994
Nasarawa,3.249319995,3.677249252,2.770184907,2.128660921,2.56959045,7.947571366
Nasarawa Egon,3.137492364,3.58385957,2.225134416,1.597996894,3.977458535,8.712947794
Obi,3.649701841,3.87195378,2.756780479,1.261954464,3.598001049,8.509657355
Toto,3.105754307,3.589046543,2.314605477,2.050169032,3.145381123,8.301304463
Wamba,3.045252237,3.600034046,2.858255473,1.679538693,3.888840032,8.613630962
Barkin Ladi,3.134859614,3.729123001,2.365133977,1.1824686,4.572352097,8.88968031
Bassa,3.011721387,3.589203041,2.43482826,1.338225243,4.436627382,8.786574012
Bokkos,3.1611609,3.584562236,2.350674813,1.859416825,4.318771387,9.339349113
Jos East,3.028677603,3.956962084,3.107874997,1.713403996,4.19382684,8.935908439
Jos North,3.320614293,1.99697124,1.190019605,1.011981523,4.983794476,9.316390291
Jos South,2.995440501,2.376642562,1.453229194,1.022878886,4.9689785,8.987297887
Kanam,3.675520601,4.449605212,4.246718945,2.354760888,2.81440189,8.844683379
Kanke,3.922472965,4.102328026,3.250929095,1.846945507,3.344791487,9.114209958
Langtang North,4.209517871,4.143279985,3.397043372,1.432089008,3.744558692,9.386165571
Langtang South,3.782363345,4.472348692,4.204142222,1.905254977,2.942772059,8.630390381
Mangu,3.174447087,3.602413048,2.362380283,1.262555403,4.487762095,8.924764585
Mikang,3.951364602,4.612531705,4.035916756,1.838031215,3.540114359,9.329510176
Pankshin,3.115009391,3.941532228,2.988354808,1.642282602,4.063066049,8.820358042
Qua'An Pan,3.62349012,4.039208492,4.089411506,2.097762324,3.530873089,9.252125532
Riyom,3.154034144,3.822138874,2.524111486,1.537831763,4.434441031,9.126306938
Shendam,3.899780758,4.270918501,3.953362682,1.826274395,3.227881826,8.953936979
Wase,3.532211366,4.614537666,4.541695253,2.571477059,2.236830677,8.340519102
Ardo-Kola,3.607304757,4.715738405,4.573302309,2.515845335,2.776552504,8.899702595
Bali,3.116364992,4.257471929,4.190145195,2.81233927,3.042685569,8.971389832
Donga,3.755513784,3.959036468,3.071674183,1.521906594,3.283782306,8.561202684
Gashaka,2.793518483,4.093920311,4.029044276,2.481266822,3.839114104,9.113899409
Gassol,3.500337081,4.271005688,4.246386157,3.335761207,2.572876014,9.408974301
Ibi,3.290608942,4.242313859,4.188124728,2.877763322,2.745311169,8.913683433
Jalingo,3.994597388,2.861400582,1.368124603,1.087751028,4.830510674,9.912859089
Karim Lamido,2.962818915,4.846518543,4.785224289,2.999979145,2.630469732,8.593267792
Kurmi,3.374659684,3.875255792,3.425378068,3.349486676,4.07766995,10.80181631
Lau,3.275106228,4.809951466,3.772734323,2.214617899,3.118365182,8.608089309
Sardauna,3.156783081,4.00067525,3.474307618,2.583730592,3.96005674,9.700570414
Takum,3.974661574,3.762801636,2.554920345,1.593626616,3.859857289,9.428145478
Ussa,3.534402958,3.977377239,3.073017914,1.955396233,3.796422646,9.286221836
Wukari,3.751856066,3.66872989,3.057097993,1.685601725,3.100388934,8.537846724
Yorro,3.621702051,3.899562305,2.531924355,1.722770621,4.318225464,9.662698136
Zing,3.678786219,4.260493049,3.389758516,1.841491405,3.797452666,9.31773029
Alkaleri,3.081979442,4.795194593,3.994956257,2.676757449,2.531549841,8.290286733
Bauchi,3.692850397,3.685629689,1.92140148,1.510942311,3.864385349,9.068178057
Bogoro,3.93013237,4.014692315,2.896634493,1.779156905,3.358775613,9.068064888
Damban,3.914947012,4.890120916,4.107901518,1.305643888,3.158101687,8.378692588
Darazo,3.578247468,4.850470756,4.156526433,1.583346853,3.041368341,8.202962662
Dass,3.635513108,4.143438974,2.498809313,1.542463034,3.929032328,9.107008471
Gamawa,3.557263975,4.936437065,4.285023593,1.746673363,2.708506597,8.012443935
Ganjuwa,3.253202012,4.817148015,3.54232785,2.489565892,2.26851932,8.011287224
Giade,3.939228399,4.893312538,3.680012912,1.011865027,3.897344185,8.848437612
Itas/Gadau,3.883031402,4.971411049,4.034248353,1.236003965,3.335185829,8.454221196
Jama'Are,3.977760277,4.396562657,2.74209462,1.000033754,3.924588077,8.902382108
Katagum,3.890876652,4.40850472,3.064825236,1.124701505,3.474496433,8.490074589
Kirfi,3.108113003,4.881026268,3.958597304,2.067186923,2.330130393,7.505430318
Misau,3.691846673,4.780664656,3.637837641,1.157544304,3.728642167,8.578033144
Ningi,3.545375208,4.774591694,3.357365931,2.492138197,2.900954276,8.938467681
Shira,3.941590636,4.822190903,3.696197696,1.025529308,3.716760049,8.683879994
Tafawa-Balewa,3.741970044,4.286107835,2.790818425,1.946576526,3.195720398,8.884266968
Toro,3.506115994,4.181355466,2.952054661,2.615036469,3.384689865,9.505842328
Warji,3.835227873,4.543620988,3.043337243,1.30908907,3.705415562,8.849732505
Zaki,3.716816007,4.944475693,3.836438027,1.359401221,2.941185456,8.017402684
Demsa,3.228759185,4.496536022,2.798639997,1.867559211,3.192488768,8.288807164
Fufore,3.247075832,4.654391552,3.477300094,2.537889885,3.328136941,9.113102658
Ganye,2.975731061,4.07511079,3.840360627,2.508180921,3.968639259,9.45255124
Girei,3.699605154,3.7290215,2.041451231,1.465730458,4.338039217,9.503374829
Gombi,3.255300719,4.29031148,3.373230938,2.602246912,3.623317864,9.480865494
Guyuk,3.474256978,4.528433811,2.518889529,2.037377191,4.157906629,9.669540798
Hong,2.741353125,4.22934174,3.811611034,2.308072148,3.226886452,8.276311724
Jada,3.357781154,4.64766421,4.437676043,2.399747715,3.655919962,9.413448831
Larmurde,2.924268707,4.658730387,2.910872465,2.421071178,3.486061652,8.831401537
Madagali,3.719706322,4.338617768,3.378385874,1.656637597,4.473348399,9.849692318
Maiha,3.150994541,4.548189119,3.972275668,2.428770179,3.769407897,9.349172617
Mayo-Belwa,3.297321051,4.692791382,3.868588226,2.086353552,3.195604724,8.579279327
Michika,3.421207555,4.059977159,2.777731973,1.762165949,4.550198508,9.733572012
Mubi North,3.514862538,3.757256746,2.265872568,1.605506853,4.448075777,9.568445168
Mubi South,3.73260288,3.982069467,2.578940941,1.95664739,4.799784399,10.48903467
Numan,3.534409754,4.081225779,2.278586422,1.61740431,4.182345554,9.334159618
Shelleng,3.480261001,4.488009251,3.128957865,2.57829416,3.909667336,9.968222497
Song,3.072284014,4.480457719,3.796613227,2.694239422,3.193400475,8.959923911
Teungo,2.509708459,4.345857359,4.277003191,2.93924438,3.549133031,8.99808587
Yola North,3.850399636,3.253987952,1.765505972,1.124392619,4.638223557,9.613015813
Yola South,3.974251213,2.366919773,1.096255595,1.012869197,4.980089644,9.967210055
Akko,3.327531236,4.471433899,2.585561843,1.45829279,3.22993446,8.015758486
Balanga,2.921038757,4.745831652,2.934739819,1.893888161,3.710561785,8.525488704
Billiri,3.47674255,4.27413475,2.318122111,1.174785421,4.302890377,8.954418347
Dukku,3.063564235,4.823009537,4.309217409,2.100013033,2.032909555,7.196486823
Funakaye,3.626427383,4.592205506,2.78088287,1.328773027,3.575941418,8.531141829
Gombe,4,2.519380921,1.051911218,1,4.990269001,9.990269001
Kaltungo,3.23117154,4.478807665,2.806838531,1.650447625,3.859635251,8.741254416
Kwami,3.633022663,4.670036186,2.900200619,1.413300057,3.593434736,8.639757455
Nafada,3.32548799,4.86921713,3.835933072,1.960501958,2.416763315,7.702753262
Shongom,3.253113611,4.639614053,3.176043616,1.978166715,3.746404965,8.977685291
Yamaltu/Deba,3.751910791,4.308154708,2.37012627,1.197998584,4.240007175,9.18991655
Anka,3.633002742,4.94083969,4.619876704,3.475567617,2.632547568,9.741117927
Bakura,3.921685629,4.865722206,3.585691874,2.546304742,2.844765682,9.312756053
Birnin Magaji-Kiyaw,3.827433569,4.995826723,4.04256368,3.095250591,3.554131784,10.47681594
Bukkuyum,3.615308487,4.973331946,4.889930741,4.06469567,2.386709442,10.0667136
Bungudu,3.713179888,4.616890897,2.954734106,2.790414958,3.38223354,9.885828386
Gummi,3.948659944,4.813577212,4.616761813,3.59899848,2.79100485,10.33866327
Gusau,3.839231017,4.029235839,2.472317062,2.419887131,3.644616071,9.903734219
Kaura Namoda,3.973220745,4.558115229,3.076182626,3.061622225,4.196236968,11.23107994
Maradun,3.948380321,4.92163147,4.349367561,3.008664126,2.968860937,9.925905384
Maru,3.35816966,4.934696814,4.582429605,3.597376809,2.274850695,9.230397165
Shinkafi,4.005742148,4.863550987,4.146300584,2.59329757,3.616522651,10.21556237
Talata Mafara,3.811752832,4.817448469,3.667312818,2.520731636,3.30049421,9.632978678
Tsafe,3.802455537,4.860718925,2.698492022,2.710209322,3.001545509,9.514210368
Zurmi,3.928183431,4.926035056,4.138723373,3.227804079,2.851035636,10.00702315
Binji,4.585197992,4.947296958,4.149676023,2.269809898,3.405064061,10.26007195
Bodinga,4.04312722,4.72187536,3.197367431,2.549428521,4.237636609,10.83019235
Dange-Shuni,4.057096889,4.2487467,2.724644158,2.48197792,4.126536734,10.66561154
Gada,4.717580291,4.985186367,3.831170431,2.180301439,2.958386389,9.856268119
Goronyo,4.197031539,4.975535819,4.011940481,2.313067509,3.260990935,9.771089984
Gudu,4.385305976,5,4.966799421,3.53321647,1.466048313,9.384570759
Gwadabawa,4.157798501,4.885058613,3.427993458,1.939188624,3.819387755,9.91637488
Illela,4.507016403,4.590391423,3.352958677,2.04036472,3.794696654,10.34207778
Isa,4.085828926,4.917567615,4.321000749,2.815372099,2.884231335,9.78543236
Kebbe,4.001985865,4.929945431,4.351616519,3.483953029,2.99093249,10.47687138
Kware,4.001361716,4.147196418,2.559344271,1.531782963,4.460319037,9.993463715
Rabah,4.000267394,4.970039359,4.628523427,2.970231998,2.595256687,9.565756079
Sabon Birni,4.358528223,4.979810354,4.039213022,3.170871494,3.106412956,10.63581267
Shagari,4.107196113,4.98184459,4.140277425,3.292412992,3.273078727,10.67268783
Silame,4.086999782,4.998620549,3.968541149,2.174626378,3.511139276,9.772765436
Sokoto North,4,3.013170917,1.093902299,1.01300292,5,10.01300292
Sokoto South,4,3.046029529,1.398339796,1.335597387,5,10.33559739
Tambuwal,4.070726381,4.847682457,4.232939037,3.159839773,3.223149445,10.4537156
Tangaza,4.338932853,4.981921474,4.7401714,2.885204823,1.81687011,9.041007786
Tureta,4.452430508,4.870192146,4.332338769,3.602296772,2.504886875,10.55961415
Wamako,3.977069692,3.747241015,2.098519372,1.73625694,4.347810473,10.06113711
Wurno,4.059645496,4.71968503,3.251977052,1.855098837,4.31884881,10.23359314
Yabo,3.950778442,4.930201333,4.231632918,2.056197444,2.944649858,8.951625744
Aleiro,4.001512751,4.562837951,3.110398566,1.869423802,3.511826226,9.382762779
Arewa Dandi,4.14911209,4.970278508,4.705959794,2.834433032,1.699049826,8.682594947
Argungu,4.105770513,4.618948946,3.163140503,2.173151846,3.84136409,10.12028645
Augie,3.977285377,4.979620617,3.860020504,2.871427455,2.319846581,9.168559412
Bagudo,3.910015426,4.957083618,4.661502521,2.60229417,2.560416621,9.072726217
Birnin Kebbi,4.089146292,4.071002732,2.693366795,1.880885591,4.261804222,10.23183611
Bunza,4.178449869,4.688219597,3.44601287,2.070298406,3.511523407,9.760271682
Dandi,4.123352428,4.651799097,3.786461617,2.643887369,2.699679091,9.466918887
Fakai,3.613872617,4.8926941,4.687222435,3.005447847,2.550186405,9.169506869
Gwandu,4.084460455,4.806626737,3.57920005,2.37580936,3.227413389,9.687683204
Jega,4.126033047,4.469859735,3.441625545,2.48280249,3.811866799,10.42070234
Kalgo,4.101114252,4.789607316,3.475137384,2.387011723,3.349756858,9.837882833
Koko-Besse,3.903090601,4.678004298,4.269366206,2.584143437,2.918602747,9.405836785
Maiyama,4.019052228,4.868418463,3.94820634,2.545717088,3.080730987,9.645500304
Ngaski,3.645309349,4.869314044,3.534842086,1.572311807,3.165656282,8.383277438
Sakaba,3.296886357,4.806596214,4.572444178,2.746902679,2.895154802,8.938943838
Shanga,3.730183575,4.978885796,4.08025211,2.297264156,3.112215323,9.139663054
Suru,4.012121197,4.919353144,4.191294403,2.698559708,3.046242053,9.756922958
Wasagu-Danko,3.401759972,4.830506923,4.390160018,2.643283288,3.020218021,9.065261281
Yauri,3.983625702,3.93120891,2.193044592,1.113875947,4.418389233,9.515890881
Zuru,3.797981873,4.133971112,3.413820972,1.70923556,4.183912927,9.691130361
Barde,4.047223244,4.750660315,4.203534408,2.572452953,3.462371541,10.08204774
Borsari,3.685351608,4.999631829,4.942851288,2.981079244,1.632538045,8.298968897
Damaturu,3.720128611,3.974341565,3.096015545,2.713079238,3.239872657,9.673080506
Fika,3.448261579,4.927151751,4.290385515,2.138405152,2.546068228,8.132734959
Fune,3.666232437,4.918031247,4.589078645,2.920451725,2.414667158,9.00135132
Geidam,3.682180208,4.926819843,4.923186778,3.605881543,1.876326759,9.164388511
Gujba,3.354959634,4.836254767,4.82278641,2.411401644,2.323669968,8.090031246
Gulani,3.214717502,4.993628267,4.521934867,2.636139171,2.752333167,8.60318984
Jakusko,3.653370643,5,4.770636652,3.2163054,2.232880048,9.102556092
Karasuwa,4.07303757,4.998471985,4.733189181,2.293981429,2.07765041,8.44466941
Machina,3.969129802,4.99597692,4.921562909,3.185729496,1.701206042,8.85606534
Nangere,3.480658565,4.952623917,4.445404836,1.669012841,2.172419523,7.322090929
Nguru,4.063588759,4.422095593,3.362632945,1.448315755,3.75218503,9.264089545
Potiskum,3.978114827,3.7414553,2.09370866,1.153436517,4.542020868,9.673572212
Tarmua,3.503885262,5,4.850380116,3.938563524,1.687699997,9.130148782
Yunusari,3.84431904,4.993398476,4.992729829,3.530268111,1.69569731,9.070284461
Yusufari,3.842461435,5,4.983855874,3.704576385,1.421106922,8.968144742
Auyo,3.924884949,4.792187522,3.402256838,1.201410997,4.225873619,9.352169566
Babura,3.993823818,4.90986538,3.366300958,1.108454442,3.697625752,8.799904011
Biriniwa,3.987052175,4.966934883,4.491609232,2.160074926,2.170050145,8.317177246
Birnin Kudu,3.866238886,4.702740928,3.314777443,1.361208194,3.963259537,9.190706618
Buji,3.880753037,4.965736409,4.264446028,1.236206971,3.325458118,8.442418125
Dutse,3.947378437,4.32443446,2.824328865,1.088890491,4.015544364,9.051813291
Gagarawa,3.808752837,4.934534374,4.206665481,1.035416817,2.614587545,7.458757199
Garki,3.83509386,4.910524253,3.688349485,1.313491161,2.929182708,8.07776773
Gumel,3.999395728,4.321182394,2.945323987,1,4.356551477,9.355947204
Guri,3.646489664,4.90650862,4.128750085,2.311802714,2.831710585,8.790002963
Gwaram,3.599559107,4.781450997,3.655476473,1.322412913,3.321016421,8.242988441
Gwiwa,3.953696078,4.686825021,3.669750158,1.045383344,3.609590485,8.608669907
Hadejia,4,3.117286287,1.582584221,1,4.999120342,9.999120342
Jahun,3.871009127,4.760680325,3.603677729,1.272758404,3.791963817,8.935731348
Kafin Hausa,3.853741608,4.870640699,3.91829916,1.14716579,3.701988534,8.702895933
Kaugama,3.864148744,4.954112378,4.150157998,1.139648137,3.215650013,8.219446894
Kazaure,3.994109947,4.388055051,2.787673015,1.006281794,4.224749922,9.225141663
Kiri Kasama,3.889371588,4.894069759,3.42627609,1.280820623,3.860577834,9.030770045
Kiyawa,3.872982185,4.609177576,3.253205131,1.156853837,3.638282553,8.668118576
Maigatari,3.993566781,4.867995509,4.339971803,1.253737802,3.169139463,8.416444046
Malam Maduri,3.851693873,4.55308104,3.427220851,1.131906394,3.711515905,8.695116172
Miga,3.90045755,5,3.874767719,1.142752408,3.682527794,8.725737752
Ringim,3.952002977,4.742013409,3.328908228,1.095664482,3.933898795,8.981566253
Roni,3.999647525,4.787261515,3.558024709,1.01859867,4.193080286,9.211326481
Sule Tankakar,3.730004831,5,4.148469142,1.239176791,2.576967086,7.546148707
Taura,3.876018111,4.876943134,3.674129338,1.261241614,3.704487212,8.841746936
Yankwashi,3.980199769,4.754052205,3.649545963,1.008099539,3.652602766,8.640902074
Ajingi,3.949250919,4.858466914,3.579425118,1.000696638,3.832324538,8.782272095
Albasu,3.996966006,4.891039188,3.372032139,1.018039843,4.325249574,9.340255423
Bagwai,3.999413927,4.596481002,2.818369721,1.007142656,4.473100174,9.479656756
Bebeji,3.922551434,4.784078658,2.759728541,1.216576481,4.15069261,9.289820525
Bichi,3.99432673,4.521759821,2.61243587,1.000686445,4.45865798,9.453671155
Bunkure,3.978090132,4.808983744,3.118966083,1.084466826,4.362475004,9.425031963
Dala,4,1.519204171,1,1,5,10
Dambatta,3.998995929,4.533463687,2.94985096,1.006277593,4.11868438,9.123957902
Dawakin Kudu,4,4.163189101,2.516469696,1,4.818715929,9.818715929
Dawakin Tofa,4,4.285361119,2.322628067,1.000796497,4.677442513,9.67823901
Doguwa,3.656125111,4.275712472,2.845675757,1.882704914,3.680116614,9.218946639
Fagge,4,2.261670503,1.088693244,1,5,10
Gabasawa,3.993718102,4.463544538,3.055142133,1.014331354,4.203025515,9.211074971
Garko,3.980545934,4.888904383,3.320210111,1.031431672,4.288302554,9.30028016
Garum Mallam,3.998125416,4.20043423,2.526700839,1.005209389,4.828341116,9.83167592
Gaya,3.969276148,4.630829862,3.263709037,1.025993745,4.255935911,9.251205803
Gezawa,4,3.880994775,2.186183512,1,4.750508252,9.750508252
Gwale,3.98446664,1.788580071,1.008623595,1,5,9.98446664
Gwarzo,3.999116147,4.084644225,2.323994549,1,4.508212993,9.50732914
Kabo,4,4.349735759,2.742288187,1.000239619,4.598627577,9.598867196
Kano Municipal,4,1.66735896,1,1,5,10
Karaye,3.993289748,4.57353002,2.782799131,1.093682033,4.436439826,9.523411606
Kibiya,3.960535043,4.943645861,3.162038219,1.113981064,4.340077058,9.414593164
Kiru,3.958579986,4.707043094,2.823814403,1.38138483,4.2447115,9.584676317
Kumbotso,4,2.658311932,1.35574222,1,4.999760511,9.999760511
Kunchi,3.969035105,4.937718258,3.843371707,1.046270452,3.783432218,8.798737776
Kura,4,4.095793149,2.215016761,1.018269131,4.83252446,9.850793591
Madobi,4,4.147267683,2.283908643,1,4.704934878,9.704934878
Makoda,4,4.575618386,2.956263063,1.001206345,4.627535197,9.628741541
Minjibir,4,4.189478456,2.420439866,1,4.746651573,9.746651573
Nassarawa,4.044545169,2.318442026,1.029593542,1,5,10.04454517
Rano,3.956140452,4.782201987,2.754429516,1.063677157,4.344618081,9.36443569
Rimin Gado,4,4.386346161,2.762478272,1,4.579828801,9.579828801
Rogo,3.957010394,4.354552389,2.281258631,1.466499904,4.091384546,9.514894843
Shanono,3.951879155,4.558280109,2.747262928,1.015304468,3.674721014,8.641904637
Sumaila,4.018038943,4.930748147,3.43458911,1.351974722,3.92194015,9.291953815
Takai,3.955021422,4.711858113,3.184148699,1.018360294,4.17709983,9.150481546
Tarauni,4,2.001231661,1,1,5,10
Tofa,4,4.1334493,2.303213992,1,4.72875056,9.72875056
Tsanyawa,3.996762143,4.589902413,2.673230238,1.010656889,4.221052385,9.228471417
Tudun Wada,3.997866865,4.771692772,2.790239175,1.339614171,4.187872444,9.525353479
Ungongo,3.989434236,3.018315749,1.539034049,1,4.976303753,9.965737989
Warawa,3.98907578,4.532493785,2.812933314,1.013691453,4.235357545,9.238124778
Wudil,4.00004231,4.498646048,2.7123129,1.030336459,4.73164854,9.762027308
Bakori,3.916788573,4.183926802,2.377212964,2.14193393,4.012292894,10.0710154
Batagarawa,3.996028829,4.115828477,2.674900633,1.027138195,4.363316527,9.386483552
Batsari,3.896993856,4.857187331,3.367736011,1.395394936,3.414765573,8.707154365
Baure,4.045811584,4.986229132,3.599078478,1.182654504,3.81915132,9.047617409
Bindawa,3.993891603,4.834960432,3.627385161,1.073833048,4.103238909,9.17096356
Charanchi,3.951005576,4.611675,2.945100558,1.196472683,3.948691022,9.096169281
Dan Musa,3.772060763,4.880452088,3.123451886,2.801164382,3.07066695,9.643892094
Dandume,3.927497194,3.929929834,2.117467139,2.258520207,4.321791313,10.50780871
Danja,3.898701284,4.003295131,2.223621906,2.254442553,3.958914822,10.11205866
Daura,4,4.054259212,3.003659674,1,4.872369484,9.872369484
Dutsi,3.996908178,4.633724661,3.544884258,1.057691123,4.325489818,9.38008912
Dutsin Ma,3.970795103,4.335536388,2.639373725,1.172092476,4.076247357,9.219134936
Faskari,3.785085666,4.590818079,2.568160405,2.322719683,3.103873509,9.211678857
Funtua,3.964756639,3.590204116,1.875747592,1.761083479,4.577153349,10.30299347
Ingawa,3.963462304,4.803721234,3.604036204,1.160309738,3.736211877,8.859983918
Jibia,3.870235251,4.539478723,3.369508444,1.516455996,3.55789468,8.944585927
Kafur,3.823998876,4.371380792,2.216269945,1.794308335,3.620589274,9.238896485
Kaita,3.932141543,4.561715533,4.041061703,1.435939676,3.660418063,9.028499282
Kankara,3.934270303,4.656277637,2.304780242,2.001518773,3.394051009,9.329840085
Kankia,3.899139308,4.495449976,2.727717115,1.222475503,3.548601049,8.670215861
Kurfi,3.964427301,4.827477897,3.148556419,1.305801254,3.435932897,8.706161452
Kusada,3.975014282,4.777288963,3.11740622,1.019110995,3.812727154,8.806852431
Mai'Adua,3.990138142,4.746604225,3.667582009,1.105117338,4.238277818,9.333533298
Malumfashi,3.941155477,4.164435558,2.004941498,1.277741228,3.893605756,9.112502461
Mani,3.984991589,4.80299622,3.769846575,1.044857912,3.919776626,8.949626127
Mashi,3.925704339,4.649605227,3.653241208,1.319453104,3.570026351,8.815183795
Matazu,3.887825655,4.800321961,2.628154121,1.494745773,3.559730429,8.942301857
Muhammadu Dikko Stadium,4,3.085307544,1.708179043,1.00011666,4.96447086,9.96458752
Musawa,3.90176633,4.718554977,2.289695844,1.39139347,3.538943096,8.832102896
Rimi,3.98119909,4.558899412,3.236147496,1.043916462,4.259673884,9.284789437
Sabuwa,3.755164877,4.028667189,2.534522516,3.011301356,3.850940128,10.61740636
Safana,3.80219754,4.954824255,3.637913108,2.336944466,3.057844174,9.19698618
Sandamu,3.998351743,4.646122935,3.62071281,1.007717073,4.536879294,9.54294811
Zango,3.982970041,4.847791901,3.748197432,1.221206773,3.840317191,9.044494005
Abadam,4.072780439,4.990552812,4.604683546,3.323335582,2.746236558,10.14235258
Askira-Uba,3.011954201,4.483140499,4.132059744,2.459050099,2.728569076,8.199573376
Bama,4.031578013,4.877369963,4.873973185,3.603184112,3.649161916,11.28392404
Bayo,3.242659326,4.908908101,3.532407109,1.611110681,3.324235597,8.178005603
Biu,3.149911752,4.249269217,3.435990653,2.36690069,3.727025971,9.243838412
Chibok,2.842644505,4.691122638,4.821698052,1.852025194,2.413158184,7.107827883
Damboa,3.144860741,4.564122088,4.628715597,2.241698008,2.63196873,8.018527479
Dikwa,4.270109649,4.963099235,4.81747702,3.835411055,3.344826516,11.45034722
Gubio,3.602175364,4.925106373,5,3.629240903,2.112750968,9.344167236
Guzamala,3.310225334,5,5,3.646125888,1.783244452,8.739595674
Gwoza,3.837317522,4.636464717,4.004968945,2.171276482,4.060442263,10.06903627
Hawul,2.939196292,4.254024528,3.445974304,2.393561765,3.675848189,9.008606247
Jere,4.071247957,3.601070442,2.477974303,1.441885658,4.77674128,10.2898749
Kaga,3.460383749,4.974189236,5,3.199912374,1.765158738,8.425454862
Kala-Balge,4.297126456,5,4.694363574,4.228296431,3.100724654,11.62614754
Konduga,3.677422806,4.74477166,4.596721849,2.705342854,2.864018841,9.2467845
Kukawa,4.084112252,4.784110668,4.138364288,2.826846423,3.607946943,10.51890562
Kwaya Kusar,3.09773901,4.758524053,3.387545869,1.290025827,3.7488795,8.136644337
Mafa,4.01176402,4.683947285,4.302646021,2.937820544,3.508417466,10.45800203
Magumeri,3.651805622,4.995355226,4.9906735,2.852361853,1.569485558,8.073653033
Maiduguri,4.001850255,2.319709807,1.218060842,1.021131348,4.98798697,10.01096857
Marte,4.278913935,5,4.904360504,3.595303223,2.869101084,10.74331824
Mobbar,3.671142652,4.966327308,4.982458438,3.246004031,2.367665386,9.284812069
Monguno,3.966382952,4.946042484,4.657671132,3.52860084,3.081116446,10.57610024
Ngala,4.411715229,4.76873221,3.903931155,3.494932854,3.891192191,11.79784027
Nganzai,3.407764535,5,4.983406229,3.339800885,1.787916149,8.535481569
Shani,3.485123511,4.889355058,3.760970536,1.618534384,3.632163477,8.735821373
